<?xml version="1.0" encoding="utf-8" standalone="no"?>
<!DOCTYPE Archive SYSTEM "http://greenstone.org/dtd/Archive/1.0/Archive.dtd">
<Archive>
<Section>
  <Description>
    <Metadata name="gsdldoctype">indexed_doc</Metadata>
    <Metadata name="Language">en</Metadata>
    <Metadata name="Encoding">utf8</Metadata>
    <Metadata name="URL">http://C:/Users/Maja/Greenstone3/web/sites/localsite/collect/kulturno/tmp/1687177843/11IstorijaNaBitola.html</Metadata>
    <Metadata name="UTF8URL">http://C:/Users/Maja/Greenstone3/web/sites/localsite/collect/kulturno/tmp/1687177843/11IstorijaNaBitola.html</Metadata>
    <Metadata name="Title">11IstorijaNaBitola</Metadata>
    <Metadata name="gsdlsourcefilename">import\11IstorijaNaBitola.pdf</Metadata>
    <Metadata name="gsdlsourcefilerenamemethod">url</Metadata>
    <Metadata name="gsdlconvertedfilename">tmp\1687177843\11IstorijaNaBitola.html</Metadata>
    <Metadata name="OrigSource">11IstorijaNaBitola.html</Metadata>
    <Metadata name="Source">11IstorijaNaBitola.pdf</Metadata>
    <Metadata name="SourceFile">11IstorijaNaBitola.pdf</Metadata>
    <Metadata name="Plugin">PDFv2Plugin</Metadata>
    <Metadata name="FileSize">2984043</Metadata>
    <Metadata name="FilenameRoot">11IstorijaNaBitola</Metadata>
    <Metadata name="FileFormat">PDF</Metadata>
    <Metadata name="srcicon">_iconpdf_</Metadata>
    <Metadata name="srclink_file">doc.pdf</Metadata>
    <Metadata name="srclinkFile">doc.pdf</Metadata>
    <Metadata name="dc.Title">Фотографии од културно историските објекти на територијата на општина Битола</Metadata>
    <Metadata name="Identifier">HASH019483f0ca251efc5be902e0</Metadata>
    <Metadata name="lastmodified">1687177543</Metadata>
    <Metadata name="lastmodifieddate">20230619</Metadata>
    <Metadata name="oailastmodified">1687177848</Metadata>
    <Metadata name="oailastmodifieddate">20230619</Metadata>
    <Metadata name="assocfilepath">HASH0194.dir</Metadata>
    <Metadata name="gsdlassocfile">page1.png:image/png:</Metadata>
    <Metadata name="gsdlassocfile">page2.png:image/png:</Metadata>
    <Metadata name="gsdlassocfile">page3.png:image/png:</Metadata>
    <Metadata name="gsdlassocfile">page4.png:image/png:</Metadata>
    <Metadata name="gsdlassocfile">page5.png:image/png:</Metadata>
    <Metadata name="gsdlassocfile">page6.png:image/png:</Metadata>
    <Metadata name="gsdlassocfile">page7.png:image/png:</Metadata>
    <Metadata name="gsdlassocfile">page8.png:image/png:</Metadata>
    <Metadata name="gsdlassocfile">page9.png:image/png:</Metadata>
    <Metadata name="gsdlassocfile">page10.png:image/png:</Metadata>
    <Metadata name="gsdlassocfile">page11.png:image/png:</Metadata>
    <Metadata name="gsdlassocfile">page12.png:image/png:</Metadata>
    <Metadata name="gsdlassocfile">page13.png:image/png:</Metadata>
    <Metadata name="gsdlassocfile">doc.pdf:application/pdf:</Metadata>
  </Description>
  <Content>



&lt;div id=&quot;page1&quot;&gt;
</Content>
<Section>
  <Description>
    <Metadata name="Title">Pages 1-10</Metadata>
  </Description>
  <Content>
</Content>
<Section>
  <Description>
    <Metadata name="Title">Page 1</Metadata>
  </Description>
  <Content>
&lt;div style=&quot;position: relative; height: 540px; width: 960px;&quot;&gt;&lt;style type=&quot;text/css&quot;&gt;
.txt { white-space:nowrap; }
.p1f0 { font-family:sans-serif; font-weight:normal; font-style:normal; }
.p1f1 { font-family:sans-serif; font-weight:normal; font-style:normal; }
.p1f2 { font-family:sans-serif; font-weight:normal; font-style:normal; }
.p1f3 { font-family:sans-serif; font-weight:normal; font-style:normal; }
.p1f4 { font-family:sans-serif; font-weight:normal; font-style:normal; }
.p1f5 { font-family:sans-serif; font-weight:normal; font-style:normal; }
&lt;/style&gt;
&lt;img class=&quot;background&quot; height=&quot;540&quot; id=&quot;background1&quot; src=&quot;_httpdocimg_/page1.png&quot; style=&quot;position:absolute; left:0px; top:0px;&quot; width=&quot;960&quot;&gt;
&lt;div class=&quot;txt&quot; style=&quot;position:absolute; left:148px; top:229px;&quot;&gt;&lt;span class=&quot;p1f2&quot; style=&quot;font-size:54px;vertical-align:baseline;color:rgba(0,0,0,1);&quot;&gt;Културно историски објекти на&lt;/span&gt;&lt;/div&gt;
&lt;div class=&quot;txt&quot; style=&quot;position:absolute; left:129px; top:287px;&quot;&gt;&lt;span class=&quot;p1f2&quot; style=&quot;font-size:54px;vertical-align:baseline;color:rgba(0,0,0,1);&quot;&gt;територијата на општина Битола&lt;/span&gt;&lt;/div&gt;
&lt;/div&gt;
&lt;/div&gt;

&lt;div id=&quot;page2&quot;&gt;
</Content>
</Section>
<Section>
  <Description>
    <Metadata name="Title">Page 2</Metadata>
  </Description>
  <Content>
&lt;div style=&quot;position: relative; height: 540px; width: 960px;&quot;&gt;&lt;style type=&quot;text/css&quot;&gt;
.txt { white-space:nowrap; }
.p2f0 { font-family:sans-serif; font-weight:normal; font-style:normal; }
.p2f1 { font-family:sans-serif; font-weight:normal; font-style:normal; }
.p2f2 { font-family:sans-serif; font-weight:normal; font-style:normal; }
.p2f3 { font-family:sans-serif; font-weight:normal; font-style:normal; }
.p2f4 { font-family:sans-serif; font-weight:normal; font-style:normal; }
.p2f5 { font-family:sans-serif; font-weight:normal; font-style:normal; }
.p2f6 { font-family:sans-serif; font-weight:normal; font-style:normal; }
.p2f7 { font-family:sans-serif; font-weight:normal; font-style:normal; }
.p2f8 { font-family:sans-serif; font-weight:normal; font-style:normal; }
.p2f9 { font-family:sans-serif; font-weight:normal; font-style:normal; }
.p2f10 { font-family:sans-serif; font-weight:normal; font-style:normal; }
.p2f11 { font-family:sans-serif; font-weight:normal; font-style:normal; }
.p2f12 { font-family:sans-serif; font-weight:normal; font-style:normal; }
.p2f13 { font-family:sans-serif; font-weight:normal; font-style:normal; }
.p2f14 { font-family:sans-serif; font-weight:normal; font-style:normal; }
.p2f15 { font-family:sans-serif; font-weight:normal; font-style:normal; }
.p2f16 { font-family:sans-serif; font-weight:normal; font-style:normal; }
.p2f17 { font-family:sans-serif; font-weight:normal; font-style:normal; }
.p2f18 { font-family:sans-serif; font-weight:normal; font-style:normal; }
.p2f19 { font-family:sans-serif; font-weight:normal; font-style:normal; }
.p2f20 { font-family:sans-serif; font-weight:normal; font-style:normal; }
.p2f21 { font-family:sans-serif; font-weight:normal; font-style:normal; }
.p2f22 { font-family:sans-serif; font-weight:normal; font-style:normal; }
.p2f23 { font-family:sans-serif; font-weight:normal; font-style:normal; }
.p2f24 { font-family:sans-serif; font-weight:normal; font-style:normal; }
.p2f25 { font-family:sans-serif; font-weight:normal; font-style:normal; }
.p2f26 { font-family:monospace; font-weight:normal; font-style:normal; }
.p2f27 { font-family:sans-serif; font-weight:normal; font-style:normal; }
.p2f28 { font-family:sans-serif; font-weight:normal; font-style:normal; }
.p2f29 { font-family:sans-serif; font-weight:normal; font-style:normal; }
&lt;/style&gt;
&lt;img class=&quot;background&quot; height=&quot;540&quot; id=&quot;background2&quot; src=&quot;_httpdocimg_/page2.png&quot; style=&quot;position:absolute; left:0px; top:0px;&quot; width=&quot;960&quot;&gt;
&lt;div class=&quot;txt&quot; style=&quot;position:absolute; left:62px; top:457px;&quot;&gt;&lt;span class=&quot;p2f24&quot; style=&quot;font-size:39px;vertical-align:baseline;color:rgba(255,255,255,1);&quot;&gt;СААТ КУЛА &lt;/span&gt;&lt;span class=&quot;p2f26&quot; style=&quot;font-size:39px;vertical-align:baseline;color:rgba(255,255,255,1);&quot;&gt;-&lt;/span&gt;&lt;span class=&quot;p2f24&quot; style=&quot;font-size:39px;vertical-align:baseline;color:rgba(255,255,255,1);&quot;&gt;БИТОЛА&lt;/span&gt;&lt;/div&gt;
&lt;/div&gt;
&lt;/div&gt;

&lt;div id=&quot;page3&quot;&gt;
</Content>
</Section>
<Section>
  <Description>
    <Metadata name="Title">Page 3</Metadata>
  </Description>
  <Content>
&lt;div style=&quot;position: relative; height: 540px; width: 960px;&quot;&gt;&lt;style type=&quot;text/css&quot;&gt;
.txt { white-space:nowrap; }
.p3f0 { font-family:sans-serif; font-weight:normal; font-style:normal; }
.p3f1 { font-family:sans-serif; font-weight:normal; font-style:normal; }
.p3f2 { font-family:sans-serif; font-weight:normal; font-style:normal; }
.p3f3 { font-family:sans-serif; font-weight:normal; font-style:normal; }
.p3f4 { font-family:sans-serif; font-weight:normal; font-style:normal; }
.p3f5 { font-family:sans-serif; font-weight:normal; font-style:normal; }
.p3f6 { font-family:sans-serif; font-weight:normal; font-style:normal; }
.p3f7 { font-family:sans-serif; font-weight:normal; font-style:normal; }
.p3f8 { font-family:sans-serif; font-weight:normal; font-style:normal; }
&lt;/style&gt;
&lt;img class=&quot;background&quot; height=&quot;540&quot; id=&quot;background3&quot; src=&quot;_httpdocimg_/page3.png&quot; style=&quot;position:absolute; left:0px; top:0px;&quot; width=&quot;960&quot;&gt;
&lt;div class=&quot;txt&quot; style=&quot;position:absolute; left:339px; top:363px;&quot;&gt;&lt;span class=&quot;p3f3&quot; style=&quot;font-size:66px;vertical-align:baseline;color:rgba(0,0,0,1);&quot;&gt;БЕЗИСТЕН&lt;/span&gt;&lt;/div&gt;
&lt;/div&gt;
&lt;/div&gt;

&lt;div id=&quot;page4&quot;&gt;
</Content>
</Section>
<Section>
  <Description>
    <Metadata name="Title">Page 4</Metadata>
  </Description>
  <Content>
&lt;div style=&quot;position: relative; height: 540px; width: 960px;&quot;&gt;&lt;style type=&quot;text/css&quot;&gt;
.txt { white-space:nowrap; }
.p4f0 { font-family:sans-serif; font-weight:normal; font-style:normal; }
.p4f1 { font-family:sans-serif; font-weight:normal; font-style:normal; }
.p4f2 { font-family:sans-serif; font-weight:normal; font-style:normal; }
.p4f3 { font-family:sans-serif; font-weight:normal; font-style:normal; }
.p4f4 { font-family:sans-serif; font-weight:normal; font-style:normal; }
.p4f5 { font-family:sans-serif; font-weight:normal; font-style:normal; }
.p4f6 { font-family:sans-serif; font-weight:normal; font-style:normal; }
.p4f7 { font-family:sans-serif; font-weight:normal; font-style:normal; }
.p4f8 { font-family:sans-serif; font-weight:normal; font-style:normal; }
.p4f9 { font-family:sans-serif; font-weight:normal; font-style:normal; }
&lt;/style&gt;
&lt;img class=&quot;background&quot; height=&quot;540&quot; id=&quot;background4&quot; src=&quot;_httpdocimg_/page4.png&quot; style=&quot;position:absolute; left:0px; top:0px;&quot; width=&quot;960&quot;&gt;
&lt;div class=&quot;txt&quot; style=&quot;position:absolute; left:96px; top:413px;&quot;&gt;&lt;span class=&quot;p4f4&quot; style=&quot;font-size:36px;vertical-align:baseline;color:rgba(37,37,37,1);&quot;&gt;ХЕРАКЛЕА ЛИНКЕСТИС&lt;/span&gt;&lt;/div&gt;
&lt;/div&gt;
&lt;/div&gt;

&lt;div id=&quot;page5&quot;&gt;
</Content>
</Section>
<Section>
  <Description>
    <Metadata name="Title">Page 5</Metadata>
  </Description>
  <Content>
&lt;div style=&quot;position: relative; height: 540px; width: 960px;&quot;&gt;&lt;style type=&quot;text/css&quot;&gt;
.txt { white-space:nowrap; }
.p5f0 { font-family:sans-serif; font-weight:normal; font-style:normal; }
.p5f1 { font-family:sans-serif; font-weight:normal; font-style:normal; }
.p5f2 { font-family:sans-serif; font-weight:normal; font-style:normal; }
.p5f3 { font-family:sans-serif; font-weight:normal; font-style:normal; }
.p5f4 { font-family:sans-serif; font-weight:normal; font-style:normal; }
.p5f5 { font-family:sans-serif; font-weight:normal; font-style:normal; }
.p5f6 { font-family:sans-serif; font-weight:normal; font-style:normal; }
.p5f7 { font-family:sans-serif; font-weight:normal; font-style:normal; }
.p5f8 { font-family:sans-serif; font-weight:normal; font-style:normal; }
.p5f9 { font-family:sans-serif; font-weight:normal; font-style:normal; }
&lt;/style&gt;
&lt;img class=&quot;background&quot; height=&quot;540&quot; id=&quot;background5&quot; src=&quot;_httpdocimg_/page5.png&quot; style=&quot;position:absolute; left:0px; top:0px;&quot; width=&quot;960&quot;&gt;
&lt;div class=&quot;txt&quot; style=&quot;position:absolute; left:355px; top:387px;&quot;&gt;&lt;span class=&quot;p5f4&quot; style=&quot;font-size:39px;vertical-align:baseline;color:rgba(0,0,0,1);&quot;&gt;ШИРОК СОКАК&lt;/span&gt;&lt;/div&gt;
&lt;/div&gt;
&lt;/div&gt;

&lt;div id=&quot;page6&quot;&gt;
</Content>
</Section>
<Section>
  <Description>
    <Metadata name="Title">Page 6</Metadata>
  </Description>
  <Content>
&lt;div style=&quot;position: relative; height: 540px; width: 960px;&quot;&gt;&lt;style type=&quot;text/css&quot;&gt;
.txt { white-space:nowrap; }
.p6f0 { font-family:sans-serif; font-weight:normal; font-style:normal; }
.p6f1 { font-family:sans-serif; font-weight:normal; font-style:normal; }
.p6f2 { font-family:sans-serif; font-weight:normal; font-style:normal; }
.p6f3 { font-family:sans-serif; font-weight:normal; font-style:normal; }
.p6f4 { font-family:sans-serif; font-weight:normal; font-style:normal; }
.p6f5 { font-family:sans-serif; font-weight:normal; font-style:normal; }
.p6f6 { font-family:sans-serif; font-weight:normal; font-style:normal; }
.p6f7 { font-family:sans-serif; font-weight:normal; font-style:normal; }
.p6f8 { font-family:sans-serif; font-weight:normal; font-style:normal; }
.p6f9 { font-family:sans-serif; font-weight:normal; font-style:normal; }
.p6f10 { font-family:sans-serif; font-weight:normal; font-style:normal; }
.p6f11 { font-family:sans-serif; font-weight:normal; font-style:normal; }
.p6f12 { font-family:sans-serif; font-weight:normal; font-style:normal; }
.p6f13 { font-family:sans-serif; font-weight:normal; font-style:normal; }
.p6f14 { font-family:sans-serif; font-weight:normal; font-style:normal; }
&lt;/style&gt;
&lt;img class=&quot;background&quot; height=&quot;540&quot; id=&quot;background6&quot; src=&quot;_httpdocimg_/page6.png&quot; style=&quot;position:absolute; left:0px; top:0px;&quot; width=&quot;960&quot;&gt;
&lt;div class=&quot;txt&quot; style=&quot;position:absolute; left:41px; top:221px;&quot;&gt;&lt;span class=&quot;p6f10&quot; style=&quot;font-size:54px;vertical-align:baseline;color:rgba(0,0,0,1);&quot;&gt;ЦРКВА СВ.&lt;/span&gt;&lt;/div&gt;
&lt;div class=&quot;txt&quot; style=&quot;position:absolute; left:41px; top:280px;&quot;&gt;&lt;span class=&quot;p6f10&quot; style=&quot;font-size:54px;vertical-align:baseline;color:rgba(0,0,0,1);&quot;&gt;ДИМИТРИЈА&lt;/span&gt;&lt;/div&gt;
&lt;/div&gt;
&lt;/div&gt;

&lt;div id=&quot;page7&quot;&gt;
</Content>
</Section>
<Section>
  <Description>
    <Metadata name="Title">Page 7</Metadata>
  </Description>
  <Content>
&lt;div style=&quot;position: relative; height: 540px; width: 960px;&quot;&gt;&lt;style type=&quot;text/css&quot;&gt;
.txt { white-space:nowrap; }
.p7f0 { font-family:sans-serif; font-weight:normal; font-style:normal; }
.p7f1 { font-family:sans-serif; font-weight:normal; font-style:normal; }
.p7f2 { font-family:sans-serif; font-weight:normal; font-style:normal; }
.p7f3 { font-family:sans-serif; font-weight:normal; font-style:normal; }
.p7f4 { font-family:sans-serif; font-weight:normal; font-style:normal; }
.p7f5 { font-family:sans-serif; font-weight:normal; font-style:normal; }
.p7f6 { font-family:sans-serif; font-weight:normal; font-style:normal; }
.p7f7 { font-family:sans-serif; font-weight:normal; font-style:normal; }
.p7f8 { font-family:sans-serif; font-weight:normal; font-style:normal; }
.p7f9 { font-family:sans-serif; font-weight:normal; font-style:normal; }
.p7f10 { font-family:sans-serif; font-weight:normal; font-style:normal; }
.p7f11 { font-family:sans-serif; font-weight:normal; font-style:normal; }
.p7f12 { font-family:sans-serif; font-weight:normal; font-style:normal; }
.p7f13 { font-family:sans-serif; font-weight:normal; font-style:normal; }
.p7f14 { font-family:sans-serif; font-weight:normal; font-style:normal; }
.p7f15 { font-family:sans-serif; font-weight:normal; font-style:normal; }
&lt;/style&gt;
&lt;img class=&quot;background&quot; height=&quot;540&quot; id=&quot;background7&quot; src=&quot;_httpdocimg_/page7.png&quot; style=&quot;position:absolute; left:0px; top:0px;&quot; width=&quot;960&quot;&gt;
&lt;div class=&quot;txt&quot; style=&quot;position:absolute; left:41px; top:163px;&quot;&gt;&lt;span class=&quot;p7f10&quot; style=&quot;font-size:54px;vertical-align:baseline;color:rgba(0,0,0,1);&quot;&gt;ЦРКВА&lt;/span&gt;&lt;/div&gt;
&lt;div class=&quot;txt&quot; style=&quot;position:absolute; left:41px; top:221px;&quot;&gt;&lt;span class=&quot;p7f10&quot; style=&quot;font-size:54px;vertical-align:baseline;color:rgba(0,0,0,1);&quot;&gt;ПРЕСВЕТА&lt;/span&gt;&lt;/div&gt;
&lt;div class=&quot;txt&quot; style=&quot;position:absolute; left:41px; top:280px;&quot;&gt;&lt;span class=&quot;p7f10&quot; style=&quot;font-size:54px;vertical-align:baseline;color:rgba(0,0,0,1);&quot;&gt;БОГОРОДИЦА&lt;/span&gt;&lt;/div&gt;
&lt;/div&gt;
&lt;/div&gt;

&lt;div id=&quot;page8&quot;&gt;
</Content>
</Section>
<Section>
  <Description>
    <Metadata name="Title">Page 8</Metadata>
  </Description>
  <Content>
&lt;div style=&quot;position: relative; height: 540px; width: 960px;&quot;&gt;&lt;style type=&quot;text/css&quot;&gt;
.txt { white-space:nowrap; }
.p8f0 { font-family:sans-serif; font-weight:normal; font-style:normal; }
.p8f1 { font-family:sans-serif; font-weight:normal; font-style:normal; }
.p8f2 { font-family:sans-serif; font-weight:normal; font-style:normal; }
.p8f3 { font-family:sans-serif; font-weight:normal; font-style:normal; }
.p8f4 { font-family:sans-serif; font-weight:normal; font-style:normal; }
.p8f5 { font-family:sans-serif; font-weight:normal; font-style:normal; }
.p8f6 { font-family:sans-serif; font-weight:normal; font-style:normal; }
.p8f7 { font-family:sans-serif; font-weight:normal; font-style:normal; }
.p8f8 { font-family:sans-serif; font-weight:normal; font-style:normal; }
&lt;/style&gt;
&lt;img class=&quot;background&quot; height=&quot;540&quot; id=&quot;background8&quot; src=&quot;_httpdocimg_/page8.png&quot; style=&quot;position:absolute; left:0px; top:0px;&quot; width=&quot;960&quot;&gt;
&lt;div class=&quot;txt&quot; style=&quot;position:absolute; left:506px; top:390px;&quot;&gt;&lt;span class=&quot;p8f6&quot; style=&quot;font-size:44px;vertical-align:baseline;color:rgba(0,0,0,1);&quot;&gt;ЦРКВА СВЕТА НЕДЕЛА&lt;/span&gt;&lt;/div&gt;
&lt;/div&gt;
&lt;/div&gt;

&lt;div id=&quot;page9&quot;&gt;
</Content>
</Section>
<Section>
  <Description>
    <Metadata name="Title">Page 9</Metadata>
  </Description>
  <Content>
&lt;div style=&quot;position: relative; height: 540px; width: 960px;&quot;&gt;&lt;style type=&quot;text/css&quot;&gt;
.txt { white-space:nowrap; }
.p9f0 { font-family:sans-serif; font-weight:normal; font-style:normal; }
.p9f1 { font-family:sans-serif; font-weight:normal; font-style:normal; }
.p9f2 { font-family:sans-serif; font-weight:normal; font-style:normal; }
.p9f3 { font-family:sans-serif; font-weight:normal; font-style:normal; }
.p9f4 { font-family:sans-serif; font-weight:normal; font-style:normal; }
.p9f5 { font-family:sans-serif; font-weight:normal; font-style:normal; }
.p9f6 { font-family:sans-serif; font-weight:normal; font-style:normal; }
.p9f7 { font-family:sans-serif; font-weight:normal; font-style:normal; }
.p9f8 { font-family:sans-serif; font-weight:normal; font-style:normal; }
&lt;/style&gt;
&lt;img class=&quot;background&quot; height=&quot;540&quot; id=&quot;background9&quot; src=&quot;_httpdocimg_/page9.png&quot; style=&quot;position:absolute; left:0px; top:0px;&quot; width=&quot;960&quot;&gt;
&lt;div class=&quot;txt&quot; style=&quot;position:absolute; left:57px; top:362px;&quot;&gt;&lt;span class=&quot;p9f5&quot; style=&quot;font-size:44px;vertical-align:baseline;color:rgba(255,255,255,1);&quot;&gt;ЈЕНИ ЏАМИЈА&lt;/span&gt;&lt;/div&gt;
&lt;/div&gt;
&lt;/div&gt;

&lt;div id=&quot;page10&quot;&gt;
</Content>
</Section>
<Section>
  <Description>
    <Metadata name="Title">Page 10</Metadata>
  </Description>
  <Content>
&lt;div style=&quot;position: relative; height: 540px; width: 960px;&quot;&gt;&lt;style type=&quot;text/css&quot;&gt;
.txt { white-space:nowrap; }
.p10f0 { font-family:sans-serif; font-weight:normal; font-style:normal; }
.p10f1 { font-family:sans-serif; font-weight:normal; font-style:normal; }
.p10f2 { font-family:sans-serif; font-weight:normal; font-style:normal; }
.p10f3 { font-family:sans-serif; font-weight:normal; font-style:normal; }
.p10f4 { font-family:sans-serif; font-weight:normal; font-style:normal; }
.p10f5 { font-family:sans-serif; font-weight:normal; font-style:normal; }
.p10f6 { font-family:sans-serif; font-weight:normal; font-style:normal; }
.p10f7 { font-family:sans-serif; font-weight:normal; font-style:normal; }
.p10f8 { font-family:sans-serif; font-weight:normal; font-style:normal; }
.p10f9 { font-family:sans-serif; font-weight:normal; font-style:normal; }
.p10f10 { font-family:sans-serif; font-weight:normal; font-style:normal; }
.p10f11 { font-family:sans-serif; font-weight:normal; font-style:normal; }
.p10f12 { font-family:sans-serif; font-weight:normal; font-style:normal; }
.p10f13 { font-family:sans-serif; font-weight:normal; font-style:normal; }
.p10f14 { font-family:sans-serif; font-weight:normal; font-style:normal; }
.p10f15 { font-family:sans-serif; font-weight:normal; font-style:normal; }
.p10f16 { font-family:sans-serif; font-weight:normal; font-style:normal; }
.p10f17 { font-family:sans-serif; font-weight:normal; font-style:normal; }
.p10f18 { font-family:sans-serif; font-weight:normal; font-style:normal; }
.p10f19 { font-family:sans-serif; font-weight:normal; font-style:normal; }
.p10f20 { font-family:sans-serif; font-weight:normal; font-style:normal; }
.p10f21 { font-family:sans-serif; font-weight:normal; font-style:normal; }
.p10f22 { font-family:sans-serif; font-weight:normal; font-style:normal; }
.p10f23 { font-family:sans-serif; font-weight:normal; font-style:normal; }
.p10f24 { font-family:sans-serif; font-weight:normal; font-style:normal; }
.p10f25 { font-family:sans-serif; font-weight:normal; font-style:normal; }
.p10f26 { font-family:sans-serif; font-weight:normal; font-style:normal; }
&lt;/style&gt;
&lt;img class=&quot;background&quot; height=&quot;540&quot; id=&quot;background10&quot; src=&quot;_httpdocimg_/page10.png&quot; style=&quot;position:absolute; left:0px; top:0px;&quot; width=&quot;960&quot;&gt;
&lt;div class=&quot;txt&quot; style=&quot;position:absolute; left:62px; top:457px;&quot;&gt;&lt;span class=&quot;p10f24&quot; style=&quot;font-size:39px;vertical-align:baseline;color:rgba(255,255,255,1);&quot;&gt;ИСХАК ЏАМИЈА&lt;/span&gt;&lt;/div&gt;
&lt;/div&gt;
&lt;/div&gt;

&lt;div id=&quot;page11&quot;&gt;
</Content>
</Section>
</Section>
<Section>
  <Description>
    <Metadata name="Title">Pages 11-20</Metadata>
  </Description>
  <Content>
</Content>
<Section>
  <Description>
    <Metadata name="Title">Page 11</Metadata>
  </Description>
  <Content>
&lt;div style=&quot;position: relative; height: 540px; width: 960px;&quot;&gt;&lt;style type=&quot;text/css&quot;&gt;
.txt { white-space:nowrap; }
.p11f0 { font-family:sans-serif; font-weight:normal; font-style:normal; }
.p11f1 { font-family:sans-serif; font-weight:normal; font-style:normal; }
.p11f2 { font-family:sans-serif; font-weight:normal; font-style:normal; }
.p11f3 { font-family:sans-serif; font-weight:normal; font-style:normal; }
.p11f4 { font-family:sans-serif; font-weight:normal; font-style:normal; }
.p11f5 { font-family:sans-serif; font-weight:normal; font-style:normal; }
.p11f6 { font-family:sans-serif; font-weight:normal; font-style:normal; }
.p11f7 { font-family:sans-serif; font-weight:normal; font-style:normal; }
.p11f8 { font-family:sans-serif; font-weight:normal; font-style:normal; }
.p11f9 { font-family:sans-serif; font-weight:normal; font-style:normal; }
&lt;/style&gt;
&lt;img class=&quot;background&quot; height=&quot;540&quot; id=&quot;background11&quot; src=&quot;_httpdocimg_/page11.png&quot; style=&quot;position:absolute; left:0px; top:0px;&quot; width=&quot;960&quot;&gt;
&lt;div class=&quot;txt&quot; style=&quot;position:absolute; left:57px; top:314px;&quot;&gt;&lt;span class=&quot;p11f5&quot; style=&quot;font-size:44px;vertical-align:baseline;color:rgba(255,255,255,1);&quot;&gt;СПОМЕН МУЗЕЈ&lt;/span&gt;&lt;/div&gt;
&lt;div class=&quot;txt&quot; style=&quot;position:absolute; left:57px; top:362px;&quot;&gt;&lt;span class=&quot;p11f5&quot; style=&quot;font-size:44px;vertical-align:baseline;color:rgba(255,255,255,1);&quot;&gt;НА ГОЦЕ ДЕЛЧЕВ&lt;/span&gt;&lt;/div&gt;
&lt;/div&gt;
&lt;/div&gt;

&lt;div id=&quot;page12&quot;&gt;
</Content>
</Section>
<Section>
  <Description>
    <Metadata name="Title">Page 12</Metadata>
  </Description>
  <Content>
&lt;div style=&quot;position: relative; height: 540px; width: 960px;&quot;&gt;&lt;style type=&quot;text/css&quot;&gt;
.txt { white-space:nowrap; }
.p12f0 { font-family:sans-serif; font-weight:normal; font-style:normal; }
.p12f1 { font-family:sans-serif; font-weight:normal; font-style:normal; }
.p12f2 { font-family:sans-serif; font-weight:normal; font-style:normal; }
.p12f3 { font-family:sans-serif; font-weight:normal; font-style:normal; }
.p12f4 { font-family:sans-serif; font-weight:normal; font-style:normal; }
.p12f5 { font-family:sans-serif; font-weight:normal; font-style:normal; }
.p12f6 { font-family:sans-serif; font-weight:normal; font-style:normal; }
.p12f7 { font-family:sans-serif; font-weight:normal; font-style:normal; }
.p12f8 { font-family:sans-serif; font-weight:normal; font-style:normal; }
.p12f9 { font-family:sans-serif; font-weight:normal; font-style:normal; }
&lt;/style&gt;
&lt;img class=&quot;background&quot; height=&quot;540&quot; id=&quot;background12&quot; src=&quot;_httpdocimg_/page12.png&quot; style=&quot;position:absolute; left:0px; top:0px;&quot; width=&quot;960&quot;&gt;
&lt;div class=&quot;txt&quot; style=&quot;position:absolute; left:506px; top:349px;&quot;&gt;&lt;span class=&quot;p12f6&quot; style=&quot;font-size:41px;vertical-align:baseline;color:rgba(0,0,0,1);&quot;&gt;СПОМЕН МУЗЕЈ НА&lt;/span&gt;&lt;/div&gt;
&lt;div class=&quot;txt&quot; style=&quot;position:absolute; left:506px; top:393px;&quot;&gt;&lt;span class=&quot;p12f6&quot; style=&quot;font-size:41px;vertical-align:baseline;color:rgba(0,0,0,1);&quot;&gt;СТЕВАН СТИВ НАУМОВ&lt;/span&gt;&lt;/div&gt;
&lt;/div&gt;
&lt;/div&gt;

&lt;div id=&quot;page13&quot;&gt;
</Content>
</Section>
<Section>
  <Description>
    <Metadata name="Title">Page 13</Metadata>
  </Description>
  <Content>
&lt;div style=&quot;position: relative; height: 540px; width: 960px;&quot;&gt;&lt;style type=&quot;text/css&quot;&gt;
.txt { white-space:nowrap; }
.p13f0 { font-family:sans-serif; font-weight:normal; font-style:normal; }
.p13f1 { font-family:sans-serif; font-weight:normal; font-style:normal; }
.p13f2 { font-family:sans-serif; font-weight:normal; font-style:normal; }
.p13f3 { font-family:sans-serif; font-weight:normal; font-style:normal; }
.p13f4 { font-family:sans-serif; font-weight:normal; font-style:normal; }
.p13f5 { font-family:sans-serif; font-weight:normal; font-style:normal; }
.p13f6 { font-family:sans-serif; font-weight:normal; font-style:normal; }
.p13f7 { font-family:sans-serif; font-weight:normal; font-style:normal; }
.p13f8 { font-family:sans-serif; font-weight:normal; font-style:normal; }
.p13f9 { font-family:sans-serif; font-weight:normal; font-style:normal; }
.p13f10 { font-family:sans-serif; font-weight:normal; font-style:normal; }
&lt;/style&gt;
&lt;img class=&quot;background&quot; height=&quot;540&quot; id=&quot;background13&quot; src=&quot;_httpdocimg_/page13.png&quot; style=&quot;position:absolute; left:0px; top:0px;&quot; width=&quot;960&quot;&gt;
&lt;div class=&quot;txt&quot; style=&quot;position:absolute; left:506px; top:317px;&quot;&gt;&lt;span class=&quot;p13f6&quot; style=&quot;font-size:36px;vertical-align:baseline;color:rgba(0,0,0,1);&quot;&gt;СПОМЕН МУЗЕЈ НА&lt;/span&gt;&lt;/div&gt;
&lt;div class=&quot;txt&quot; style=&quot;position:absolute; left:506px; top:357px;&quot;&gt;&lt;span class=&quot;p13f6&quot; style=&quot;font-size:36px;vertical-align:baseline;color:rgba(0,0,0,1);&quot;&gt;МУСТАФА КЕМАЛ&lt;/span&gt;&lt;/div&gt;
&lt;div class=&quot;txt&quot; style=&quot;position:absolute; left:506px; top:397px;&quot;&gt;&lt;span class=&quot;p13f6&quot; style=&quot;font-size:36px;vertical-align:baseline;color:rgba(0,0,0,1);&quot;&gt;АТАТУРК&lt;/span&gt;&lt;/div&gt;
&lt;/div&gt;
&lt;/div&gt;

</Content>
</Section>
</Section>
</Section>
</Archive>
