<?xml version="1.0" encoding="utf-8" standalone="no"?>
<!DOCTYPE Archive SYSTEM "http://greenstone.org/dtd/Archive/1.0/Archive.dtd">
<Archive>
<Section>
  <Description>
    <Metadata name="gsdldoctype">indexed_doc</Metadata>
    <Metadata name="Language">en</Metadata>
    <Metadata name="Encoding">utf8</Metadata>
    <Metadata name="URL">http://C:/Users/Maja/Greenstone3/web/sites/localsite/collect/kulturno/tmp/1687177853/7.Rektorat na UKLO.html</Metadata>
    <Metadata name="UTF8URL">http://C:/Users/Maja/Greenstone3/web/sites/localsite/collect/kulturno/tmp/1687177853/7.Rektorat na UKLO.html</Metadata>
    <Metadata name="Title">7.Rektorat na UKLO</Metadata>
    <Metadata name="gsdlsourcefilename">import\7.Rektorat na UKLO.pdf</Metadata>
    <Metadata name="gsdlsourcefilerenamemethod">url</Metadata>
    <Metadata name="gsdlconvertedfilename">tmp\1687177853\7.Rektorat na UKLO.html</Metadata>
    <Metadata name="OrigSource">7.Rektorat na UKLO.html</Metadata>
    <Metadata name="Source">7.Rektorat na UKLO.pdf</Metadata>
    <Metadata name="SourceFile">7.Rektorat na UKLO.pdf</Metadata>
    <Metadata name="Plugin">PDFv2Plugin</Metadata>
    <Metadata name="FileSize">110984</Metadata>
    <Metadata name="FilenameRoot">7.Rektorat na UKLO</Metadata>
    <Metadata name="FileFormat">PDF</Metadata>
    <Metadata name="srcicon">_iconpdf_</Metadata>
    <Metadata name="srclink_file">doc.pdf</Metadata>
    <Metadata name="srclinkFile">doc.pdf</Metadata>
    <Metadata name="Identifier">HASHcbb0f5fb93ffbde1c25d6d</Metadata>
    <Metadata name="lastmodified">1687173266</Metadata>
    <Metadata name="lastmodifieddate">20230619</Metadata>
    <Metadata name="oailastmodified">1687177853</Metadata>
    <Metadata name="oailastmodifieddate">20230619</Metadata>
    <Metadata name="assocfilepath">HASHcbb0.dir</Metadata>
    <Metadata name="gsdlassocfile">page1.png:image/png:</Metadata>
    <Metadata name="gsdlassocfile">page2.png:image/png:</Metadata>
    <Metadata name="gsdlassocfile">doc.pdf:application/pdf:</Metadata>
  </Description>
  <Content>



&lt;div id=&quot;page1&quot;&gt;
</Content>
<Section>
  <Description>
    <Metadata name="Title">Page 1</Metadata>
  </Description>
  <Content>
&lt;div style=&quot;position: relative; height: 792px; width: 612px;&quot;&gt;&lt;style type=&quot;text/css&quot;&gt;
.txt { white-space:nowrap; }
.p1f0 { font-family:sans-serif; font-weight:normal; font-style:normal; }
.p1f1 { font-family:sans-serif; font-weight:normal; font-style:normal; }
.p1f2 { font-family:sans-serif; font-weight:normal; font-style:normal; }
.p1f3 { font-family:sans-serif; font-weight:normal; font-style:normal; }
.p1f4 { font-family:sans-serif; font-weight:normal; font-style:normal; }
.p1f5 { font-family:sans-serif; font-weight:normal; font-style:normal; }
.p1f6 { font-family:sans-serif; font-weight:normal; font-style:normal; }
.p1f7 { font-family:sans-serif; font-weight:normal; font-style:normal; }
.p1f8 { font-family:sans-serif; font-weight:normal; font-style:normal; }
.p1f9 { font-family:sans-serif; font-weight:normal; font-style:normal; }
.p1f10 { font-family:sans-serif; font-weight:normal; font-style:normal; }
.p1f11 { font-family:sans-serif; font-weight:normal; font-style:normal; }
.p1f12 { font-family:sans-serif; font-weight:normal; font-style:normal; }
.p1f13 { font-family:sans-serif; font-weight:normal; font-style:normal; }
.p1f14 { font-family:sans-serif; font-weight:normal; font-style:normal; }
.p1f15 { font-family:sans-serif; font-weight:normal; font-style:normal; }
.p1f16 { font-family:sans-serif; font-weight:normal; font-style:normal; }
.p1f17 { font-family:sans-serif; font-weight:normal; font-style:normal; }
.p1f18 { font-family:sans-serif; font-weight:normal; font-style:normal; }
.p1f19 { font-family:sans-serif; font-weight:normal; font-style:normal; }
.p1f20 { font-family:sans-serif; font-weight:normal; font-style:normal; }
.p1f21 { font-family:sans-serif; font-weight:normal; font-style:normal; }
.p1f22 { font-family:sans-serif; font-weight:normal; font-style:normal; }
.p1f23 { font-family:sans-serif; font-weight:normal; font-style:normal; }
.p1f24 { font-family:sans-serif; font-weight:normal; font-style:normal; }
.p1f25 { font-family:sans-serif; font-weight:normal; font-style:normal; }
.p1f26 { font-family:sans-serif; font-weight:normal; font-style:normal; }
.p1f27 { font-family:sans-serif; font-weight:normal; font-style:normal; }
.p1f28 { font-family:sans-serif; font-weight:normal; font-style:normal; }
.p1f29 { font-family:sans-serif; font-weight:normal; font-style:normal; }
.p1f30 { font-family:sans-serif; font-weight:normal; font-style:normal; }
.p1f31 { font-family:sans-serif; font-weight:normal; font-style:normal; }
.p1f32 { font-family:sans-serif; font-weight:normal; font-style:normal; }
.p1f33 { font-family:sans-serif; font-weight:normal; font-style:normal; }
.p1f34 { font-family:sans-serif; font-weight:normal; font-style:normal; }
.p1f35 { font-family:sans-serif; font-weight:normal; font-style:normal; }
.p1f36 { font-family:sans-serif; font-weight:normal; font-style:normal; }
.p1f37 { font-family:sans-serif; font-weight:normal; font-style:normal; }
.p1f38 { font-family:sans-serif; font-weight:normal; font-style:normal; }
.p1f39 { font-family:sans-serif; font-weight:normal; font-style:normal; }
.p1f40 { font-family:sans-serif; font-weight:normal; font-style:normal; }
.p1f41 { font-family:sans-serif; font-weight:normal; font-style:normal; }
.p1f42 { font-family:sans-serif; font-weight:normal; font-style:normal; }
.p1f43 { font-family:sans-serif; font-weight:normal; font-style:normal; }
.p1f44 { font-family:sans-serif; font-weight:normal; font-style:normal; }
.p1f45 { font-family:sans-serif; font-weight:normal; font-style:normal; }
.p1f46 { font-family:sans-serif; font-weight:normal; font-style:normal; }
.p1f47 { font-family:sans-serif; font-weight:normal; font-style:normal; }
.p1f48 { font-family:sans-serif; font-weight:normal; font-style:normal; }
.p1f49 { font-family:sans-serif; font-weight:normal; font-style:normal; }
.p1f50 { font-family:sans-serif; font-weight:normal; font-style:normal; }
.p1f51 { font-family:sans-serif; font-weight:normal; font-style:normal; }
.p1f52 { font-family:sans-serif; font-weight:normal; font-style:normal; }
.p1f53 { font-family:sans-serif; font-weight:normal; font-style:normal; }
.p1f54 { font-family:sans-serif; font-weight:normal; font-style:normal; }
.p1f55 { font-family:sans-serif; font-weight:normal; font-style:normal; }
.p1f56 { font-family:sans-serif; font-weight:normal; font-style:normal; }
.p1f57 { font-family:sans-serif; font-weight:normal; font-style:normal; }
.p1f58 { font-family:sans-serif; font-weight:normal; font-style:normal; }
.p1f59 { font-family:sans-serif; font-weight:normal; font-style:normal; }
.p1f60 { font-family:sans-serif; font-weight:normal; font-style:normal; }
.p1f61 { font-family:sans-serif; font-weight:normal; font-style:normal; }
.p1f62 { font-family:sans-serif; font-weight:normal; font-style:normal; }
.p1f63 { font-family:sans-serif; font-weight:normal; font-style:normal; }
.p1f64 { font-family:sans-serif; font-weight:normal; font-style:normal; }
.p1f65 { font-family:sans-serif; font-weight:normal; font-style:normal; }
.p1f66 { font-family:sans-serif; font-weight:normal; font-style:normal; }
.p1f67 { font-family:sans-serif; font-weight:normal; font-style:normal; }
.p1f68 { font-family:sans-serif; font-weight:normal; font-style:normal; }
.p1f69 { font-family:sans-serif; font-weight:normal; font-style:normal; }
.p1f70 { font-family:sans-serif; font-weight:normal; font-style:normal; }
.p1f71 { font-family:sans-serif; font-weight:normal; font-style:normal; }
.p1f72 { font-family:sans-serif; font-weight:normal; font-style:normal; }
.p1f73 { font-family:sans-serif; font-weight:normal; font-style:normal; }
.p1f74 { font-family:sans-serif; font-weight:normal; font-style:normal; }
.p1f75 { font-family:sans-serif; font-weight:normal; font-style:normal; }
.p1f76 { font-family:sans-serif; font-weight:normal; font-style:normal; }
.p1f77 { font-family:sans-serif; font-weight:normal; font-style:normal; }
.p1f78 { font-family:sans-serif; font-weight:normal; font-style:normal; }
.p1f79 { font-family:sans-serif; font-weight:normal; font-style:normal; }
.p1f80 { font-family:sans-serif; font-weight:normal; font-style:normal; }
.p1f81 { font-family:sans-serif; font-weight:normal; font-style:normal; }
.p1f82 { font-family:sans-serif; font-weight:normal; font-style:normal; }
.p1f83 { font-family:sans-serif; font-weight:normal; font-style:normal; }
.p1f84 { font-family:sans-serif; font-weight:normal; font-style:normal; }
.p1f85 { font-family:sans-serif; font-weight:normal; font-style:normal; }
.p1f86 { font-family:sans-serif; font-weight:normal; font-style:normal; }
.p1f87 { font-family:sans-serif; font-weight:normal; font-style:normal; }
.p1f88 { font-family:sans-serif; font-weight:normal; font-style:normal; }
.p1f89 { font-family:sans-serif; font-weight:normal; font-style:normal; }
.p1f90 { font-family:sans-serif; font-weight:normal; font-style:normal; }
.p1f91 { font-family:sans-serif; font-weight:normal; font-style:normal; }
.p1f92 { font-family:sans-serif; font-weight:normal; font-style:normal; }
.p1f93 { font-family:sans-serif; font-weight:normal; font-style:normal; }
.p1f94 { font-family:sans-serif; font-weight:normal; font-style:normal; }
.p1f95 { font-family:sans-serif; font-weight:normal; font-style:normal; }
.p1f96 { font-family:sans-serif; font-weight:normal; font-style:normal; }
.p1f97 { font-family:sans-serif; font-weight:normal; font-style:normal; }
.p1f98 { font-family:sans-serif; font-weight:normal; font-style:normal; }
.p1f99 { font-family:sans-serif; font-weight:normal; font-style:normal; }
.p1f100 { font-family:sans-serif; font-weight:normal; font-style:normal; }
.p1f101 { font-family:sans-serif; font-weight:normal; font-style:normal; }
.p1f102 { font-family:sans-serif; font-weight:normal; font-style:normal; }
.p1f103 { font-family:sans-serif; font-weight:normal; font-style:normal; }
.p1f104 { font-family:sans-serif; font-weight:normal; font-style:normal; }
.p1f105 { font-family:sans-serif; font-weight:normal; font-style:normal; }
.p1f106 { font-family:sans-serif; font-weight:normal; font-style:normal; }
.p1f107 { font-family:sans-serif; font-weight:normal; font-style:normal; }
.p1f108 { font-family:sans-serif; font-weight:normal; font-style:normal; }
.p1f109 { font-family:sans-serif; font-weight:normal; font-style:normal; }
.p1f110 { font-family:sans-serif; font-weight:normal; font-style:normal; }
.p1f111 { font-family:sans-serif; font-weight:normal; font-style:normal; }
.p1f112 { font-family:sans-serif; font-weight:normal; font-style:normal; }
.p1f113 { font-family:sans-serif; font-weight:normal; font-style:normal; }
.p1f114 { font-family:sans-serif; font-weight:normal; font-style:normal; }
.p1f115 { font-family:sans-serif; font-weight:normal; font-style:normal; }
.p1f116 { font-family:sans-serif; font-weight:normal; font-style:normal; }
.p1f117 { font-family:sans-serif; font-weight:normal; font-style:normal; }
.p1f118 { font-family:sans-serif; font-weight:normal; font-style:normal; }
.p1f119 { font-family:sans-serif; font-weight:normal; font-style:normal; }
.p1f120 { font-family:sans-serif; font-weight:normal; font-style:normal; }
.p1f121 { font-family:sans-serif; font-weight:normal; font-style:normal; }
.p1f122 { font-family:sans-serif; font-weight:normal; font-style:normal; }
.p1f123 { font-family:sans-serif; font-weight:normal; font-style:normal; }
.p1f124 { font-family:sans-serif; font-weight:normal; font-style:normal; }
.p1f125 { font-family:sans-serif; font-weight:normal; font-style:normal; }
.p1f126 { font-family:sans-serif; font-weight:normal; font-style:normal; }
.p1f127 { font-family:sans-serif; font-weight:normal; font-style:normal; }
.p1f128 { font-family:sans-serif; font-weight:normal; font-style:normal; }
.p1f129 { font-family:sans-serif; font-weight:normal; font-style:normal; }
.p1f130 { font-family:sans-serif; font-weight:normal; font-style:normal; }
.p1f131 { font-family:sans-serif; font-weight:normal; font-style:normal; }
.p1f132 { font-family:sans-serif; font-weight:normal; font-style:normal; }
.p1f133 { font-family:sans-serif; font-weight:normal; font-style:normal; }
.p1f134 { font-family:sans-serif; font-weight:normal; font-style:normal; }
.p1f135 { font-family:sans-serif; font-weight:normal; font-style:normal; }
.p1f136 { font-family:sans-serif; font-weight:normal; font-style:normal; }
.p1f137 { font-family:sans-serif; font-weight:normal; font-style:normal; }
.p1f138 { font-family:sans-serif; font-weight:normal; font-style:normal; }
.p1f139 { font-family:sans-serif; font-weight:normal; font-style:normal; }
.p1f140 { font-family:sans-serif; font-weight:normal; font-style:normal; }
.p1f141 { font-family:sans-serif; font-weight:normal; font-style:normal; }
.p1f142 { font-family:sans-serif; font-weight:normal; font-style:normal; }
.p1f143 { font-family:sans-serif; font-weight:normal; font-style:normal; }
.p1f144 { font-family:sans-serif; font-weight:normal; font-style:normal; }
.p1f145 { font-family:sans-serif; font-weight:normal; font-style:normal; }
.p1f146 { font-family:sans-serif; font-weight:normal; font-style:normal; }
.p1f147 { font-family:sans-serif; font-weight:normal; font-style:normal; }
.p1f148 { font-family:sans-serif; font-weight:normal; font-style:normal; }
.p1f149 { font-family:sans-serif; font-weight:normal; font-style:normal; }
.p1f150 { font-family:sans-serif; font-weight:normal; font-style:normal; }
.p1f151 { font-family:sans-serif; font-weight:normal; font-style:normal; }
.p1f152 { font-family:sans-serif; font-weight:normal; font-style:normal; }
.p1f153 { font-family:sans-serif; font-weight:normal; font-style:normal; }
.p1f154 { font-family:sans-serif; font-weight:normal; font-style:normal; }
.p1f155 { font-family:sans-serif; font-weight:normal; font-style:normal; }
.p1f156 { font-family:sans-serif; font-weight:normal; font-style:normal; }
.p1f157 { font-family:sans-serif; font-weight:normal; font-style:normal; }
.p1f158 { font-family:sans-serif; font-weight:normal; font-style:normal; }
.p1f159 { font-family:sans-serif; font-weight:normal; font-style:normal; }
.p1f160 { font-family:sans-serif; font-weight:normal; font-style:normal; }
.p1f161 { font-family:sans-serif; font-weight:normal; font-style:normal; }
.p1f162 { font-family:sans-serif; font-weight:normal; font-style:normal; }
.p1f163 { font-family:sans-serif; font-weight:normal; font-style:normal; }
.p1f164 { font-family:sans-serif; font-weight:normal; font-style:normal; }
.p1f165 { font-family:sans-serif; font-weight:normal; font-style:normal; }
.p1f166 { font-family:sans-serif; font-weight:normal; font-style:normal; }
.p1f167 { font-family:sans-serif; font-weight:normal; font-style:normal; }
.p1f168 { font-family:sans-serif; font-weight:normal; font-style:normal; }
.p1f169 { font-family:sans-serif; font-weight:normal; font-style:normal; }
.p1f170 { font-family:sans-serif; font-weight:normal; font-style:normal; }
.p1f171 { font-family:sans-serif; font-weight:normal; font-style:normal; }
.p1f172 { font-family:sans-serif; font-weight:normal; font-style:normal; }
.p1f173 { font-family:sans-serif; font-weight:normal; font-style:normal; }
.p1f174 { font-family:sans-serif; font-weight:normal; font-style:normal; }
.p1f175 { font-family:sans-serif; font-weight:normal; font-style:normal; }
.p1f176 { font-family:sans-serif; font-weight:normal; font-style:normal; }
.p1f177 { font-family:sans-serif; font-weight:normal; font-style:normal; }
.p1f178 { font-family:sans-serif; font-weight:normal; font-style:normal; }
.p1f179 { font-family:sans-serif; font-weight:normal; font-style:normal; }
.p1f180 { font-family:sans-serif; font-weight:normal; font-style:normal; }
.p1f181 { font-family:sans-serif; font-weight:normal; font-style:normal; }
.p1f182 { font-family:sans-serif; font-weight:normal; font-style:normal; }
.p1f183 { font-family:sans-serif; font-weight:normal; font-style:normal; }
.p1f184 { font-family:sans-serif; font-weight:normal; font-style:normal; }
.p1f185 { font-family:sans-serif; font-weight:normal; font-style:normal; }
.p1f186 { font-family:sans-serif; font-weight:normal; font-style:normal; }
.p1f187 { font-family:sans-serif; font-weight:normal; font-style:normal; }
.p1f188 { font-family:sans-serif; font-weight:normal; font-style:normal; }
.p1f189 { font-family:sans-serif; font-weight:normal; font-style:normal; }
.p1f190 { font-family:sans-serif; font-weight:normal; font-style:normal; }
.p1f191 { font-family:sans-serif; font-weight:normal; font-style:normal; }
.p1f192 { font-family:sans-serif; font-weight:normal; font-style:normal; }
.p1f193 { font-family:sans-serif; font-weight:normal; font-style:normal; }
.p1f194 { font-family:sans-serif; font-weight:normal; font-style:normal; }
.p1f195 { font-family:sans-serif; font-weight:normal; font-style:normal; }
.p1f196 { font-family:sans-serif; font-weight:normal; font-style:normal; }
.p1f197 { font-family:sans-serif; font-weight:normal; font-style:normal; }
.p1f198 { font-family:sans-serif; font-weight:normal; font-style:normal; }
.p1f199 { font-family:sans-serif; font-weight:normal; font-style:normal; }
.p1f200 { font-family:sans-serif; font-weight:normal; font-style:normal; }
.p1f201 { font-family:sans-serif; font-weight:normal; font-style:normal; }
.p1f202 { font-family:sans-serif; font-weight:normal; font-style:normal; }
.p1f203 { font-family:sans-serif; font-weight:normal; font-style:normal; }
.p1f204 { font-family:sans-serif; font-weight:normal; font-style:normal; }
.p1f205 { font-family:sans-serif; font-weight:normal; font-style:normal; }
.p1f206 { font-family:sans-serif; font-weight:normal; font-style:normal; }
.p1f207 { font-family:sans-serif; font-weight:normal; font-style:normal; }
.p1f208 { font-family:sans-serif; font-weight:normal; font-style:normal; }
.p1f209 { font-family:sans-serif; font-weight:normal; font-style:normal; }
.p1f210 { font-family:sans-serif; font-weight:normal; font-style:normal; }
.p1f211 { font-family:sans-serif; font-weight:normal; font-style:normal; }
.p1f212 { font-family:sans-serif; font-weight:normal; font-style:normal; }
.p1f213 { font-family:sans-serif; font-weight:normal; font-style:normal; }
.p1f214 { font-family:sans-serif; font-weight:normal; font-style:normal; }
.p1f215 { font-family:sans-serif; font-weight:normal; font-style:normal; }
.p1f216 { font-family:sans-serif; font-weight:normal; font-style:normal; }
.p1f217 { font-family:sans-serif; font-weight:normal; font-style:normal; }
.p1f218 { font-family:sans-serif; font-weight:normal; font-style:normal; }
.p1f219 { font-family:sans-serif; font-weight:normal; font-style:normal; }
.p1f220 { font-family:sans-serif; font-weight:normal; font-style:normal; }
.p1f221 { font-family:sans-serif; font-weight:normal; font-style:normal; }
.p1f222 { font-family:sans-serif; font-weight:normal; font-style:normal; }
.p1f223 { font-family:sans-serif; font-weight:normal; font-style:normal; }
.p1f224 { font-family:sans-serif; font-weight:normal; font-style:normal; }
.p1f225 { font-family:sans-serif; font-weight:normal; font-style:normal; }
.p1f226 { font-family:sans-serif; font-weight:normal; font-style:normal; }
.p1f227 { font-family:sans-serif; font-weight:normal; font-style:normal; }
.p1f228 { font-family:sans-serif; font-weight:normal; font-style:normal; }
.p1f229 { font-family:sans-serif; font-weight:normal; font-style:normal; }
.p1f230 { font-family:sans-serif; font-weight:normal; font-style:normal; }
.p1f231 { font-family:sans-serif; font-weight:normal; font-style:normal; }
.p1f232 { font-family:sans-serif; font-weight:normal; font-style:normal; }
.p1f233 { font-family:sans-serif; font-weight:normal; font-style:normal; }
.p1f234 { font-family:sans-serif; font-weight:normal; font-style:normal; }
.p1f235 { font-family:sans-serif; font-weight:normal; font-style:normal; }
.p1f236 { font-family:sans-serif; font-weight:normal; font-style:normal; }
.p1f237 { font-family:sans-serif; font-weight:normal; font-style:normal; }
.p1f238 { font-family:sans-serif; font-weight:normal; font-style:normal; }
.p1f239 { font-family:sans-serif; font-weight:normal; font-style:normal; }
.p1f240 { font-family:sans-serif; font-weight:normal; font-style:normal; }
.p1f241 { font-family:sans-serif; font-weight:normal; font-style:normal; }
.p1f242 { font-family:sans-serif; font-weight:normal; font-style:normal; }
.p1f243 { font-family:sans-serif; font-weight:normal; font-style:normal; }
.p1f244 { font-family:sans-serif; font-weight:normal; font-style:normal; }
.p1f245 { font-family:sans-serif; font-weight:normal; font-style:normal; }
.p1f246 { font-family:sans-serif; font-weight:normal; font-style:normal; }
.p1f247 { font-family:sans-serif; font-weight:normal; font-style:normal; }
.p1f248 { font-family:sans-serif; font-weight:normal; font-style:normal; }
.p1f249 { font-family:sans-serif; font-weight:normal; font-style:normal; }
.p1f250 { font-family:sans-serif; font-weight:normal; font-style:normal; }
.p1f251 { font-family:sans-serif; font-weight:normal; font-style:normal; }
.p1f252 { font-family:sans-serif; font-weight:normal; font-style:normal; }
.p1f253 { font-family:sans-serif; font-weight:normal; font-style:normal; }
.p1f254 { font-family:sans-serif; font-weight:normal; font-style:normal; }
.p1f255 { font-family:sans-serif; font-weight:normal; font-style:normal; }
.p1f256 { font-family:sans-serif; font-weight:normal; font-style:normal; }
.p1f257 { font-family:sans-serif; font-weight:normal; font-style:normal; }
.p1f258 { font-family:sans-serif; font-weight:normal; font-style:normal; }
.p1f259 { font-family:sans-serif; font-weight:normal; font-style:normal; }
.p1f260 { font-family:sans-serif; font-weight:normal; font-style:normal; }
.p1f261 { font-family:sans-serif; font-weight:normal; font-style:normal; }
.p1f262 { font-family:sans-serif; font-weight:normal; font-style:normal; }
.p1f263 { font-family:sans-serif; font-weight:normal; font-style:normal; }
.p1f264 { font-family:sans-serif; font-weight:normal; font-style:normal; }
.p1f265 { font-family:sans-serif; font-weight:normal; font-style:normal; }
.p1f266 { font-family:sans-serif; font-weight:normal; font-style:normal; }
.p1f267 { font-family:sans-serif; font-weight:normal; font-style:normal; }
.p1f268 { font-family:sans-serif; font-weight:normal; font-style:normal; }
.p1f269 { font-family:sans-serif; font-weight:normal; font-style:normal; }
.p1f270 { font-family:sans-serif; font-weight:normal; font-style:normal; }
.p1f271 { font-family:sans-serif; font-weight:normal; font-style:normal; }
.p1f272 { font-family:sans-serif; font-weight:normal; font-style:normal; }
.p1f273 { font-family:sans-serif; font-weight:normal; font-style:normal; }
.p1f274 { font-family:sans-serif; font-weight:normal; font-style:normal; }
.p1f275 { font-family:sans-serif; font-weight:normal; font-style:normal; }
.p1f276 { font-family:sans-serif; font-weight:normal; font-style:normal; }
.p1f277 { font-family:sans-serif; font-weight:normal; font-style:normal; }
.p1f278 { font-family:sans-serif; font-weight:normal; font-style:normal; }
.p1f279 { font-family:sans-serif; font-weight:normal; font-style:normal; }
.p1f280 { font-family:sans-serif; font-weight:normal; font-style:normal; }
.p1f281 { font-family:sans-serif; font-weight:normal; font-style:normal; }
.p1f282 { font-family:sans-serif; font-weight:normal; font-style:normal; }
.p1f283 { font-family:sans-serif; font-weight:normal; font-style:normal; }
.p1f284 { font-family:sans-serif; font-weight:normal; font-style:normal; }
.p1f285 { font-family:sans-serif; font-weight:normal; font-style:normal; }
.p1f286 { font-family:sans-serif; font-weight:normal; font-style:normal; }
.p1f287 { font-family:sans-serif; font-weight:normal; font-style:normal; }
.p1f288 { font-family:sans-serif; font-weight:normal; font-style:normal; }
.p1f289 { font-family:sans-serif; font-weight:normal; font-style:normal; }
.p1f290 { font-family:sans-serif; font-weight:normal; font-style:normal; }
.p1f291 { font-family:sans-serif; font-weight:normal; font-style:normal; }
.p1f292 { font-family:sans-serif; font-weight:normal; font-style:normal; }
.p1f293 { font-family:sans-serif; font-weight:normal; font-style:normal; }
.p1f294 { font-family:sans-serif; font-weight:normal; font-style:normal; }
.p1f295 { font-family:sans-serif; font-weight:normal; font-style:normal; }
.p1f296 { font-family:sans-serif; font-weight:normal; font-style:normal; }
.p1f297 { font-family:sans-serif; font-weight:normal; font-style:normal; }
.p1f298 { font-family:sans-serif; font-weight:normal; font-style:normal; }
.p1f299 { font-family:sans-serif; font-weight:normal; font-style:normal; }
.p1f300 { font-family:sans-serif; font-weight:normal; font-style:normal; }
.p1f301 { font-family:sans-serif; font-weight:normal; font-style:normal; }
.p1f302 { font-family:sans-serif; font-weight:normal; font-style:normal; }
.p1f303 { font-family:sans-serif; font-weight:normal; font-style:normal; }
.p1f304 { font-family:sans-serif; font-weight:normal; font-style:normal; }
.p1f305 { font-family:sans-serif; font-weight:normal; font-style:normal; }
.p1f306 { font-family:sans-serif; font-weight:normal; font-style:normal; }
.p1f307 { font-family:sans-serif; font-weight:normal; font-style:normal; }
.p1f308 { font-family:sans-serif; font-weight:normal; font-style:normal; }
.p1f309 { font-family:sans-serif; font-weight:normal; font-style:normal; }
.p1f310 { font-family:sans-serif; font-weight:normal; font-style:normal; }
.p1f311 { font-family:sans-serif; font-weight:normal; font-style:normal; }
.p1f312 { font-family:sans-serif; font-weight:normal; font-style:normal; }
.p1f313 { font-family:sans-serif; font-weight:normal; font-style:normal; }
.p1f314 { font-family:sans-serif; font-weight:normal; font-style:normal; }
.p1f315 { font-family:sans-serif; font-weight:normal; font-style:normal; }
.p1f316 { font-family:sans-serif; font-weight:normal; font-style:normal; }
.p1f317 { font-family:sans-serif; font-weight:normal; font-style:normal; }
.p1f318 { font-family:sans-serif; font-weight:normal; font-style:normal; }
.p1f319 { font-family:sans-serif; font-weight:normal; font-style:normal; }
.p1f320 { font-family:sans-serif; font-weight:normal; font-style:normal; }
.p1f321 { font-family:sans-serif; font-weight:normal; font-style:normal; }
.p1f322 { font-family:sans-serif; font-weight:normal; font-style:normal; }
.p1f323 { font-family:sans-serif; font-weight:normal; font-style:normal; }
.p1f324 { font-family:sans-serif; font-weight:normal; font-style:normal; }
.p1f325 { font-family:sans-serif; font-weight:normal; font-style:normal; }
.p1f326 { font-family:sans-serif; font-weight:normal; font-style:normal; }
.p1f327 { font-family:sans-serif; font-weight:normal; font-style:normal; }
.p1f328 { font-family:sans-serif; font-weight:normal; font-style:normal; }
.p1f329 { font-family:sans-serif; font-weight:normal; font-style:normal; }
.p1f330 { font-family:sans-serif; font-weight:normal; font-style:normal; }
.p1f331 { font-family:sans-serif; font-weight:normal; font-style:normal; }
.p1f332 { font-family:sans-serif; font-weight:normal; font-style:normal; }
.p1f333 { font-family:sans-serif; font-weight:normal; font-style:normal; }
.p1f334 { font-family:sans-serif; font-weight:normal; font-style:normal; }
.p1f335 { font-family:sans-serif; font-weight:normal; font-style:normal; }
.p1f336 { font-family:sans-serif; font-weight:normal; font-style:normal; }
.p1f337 { font-family:sans-serif; font-weight:normal; font-style:normal; }
.p1f338 { font-family:sans-serif; font-weight:normal; font-style:normal; }
.p1f339 { font-family:sans-serif; font-weight:normal; font-style:normal; }
.p1f340 { font-family:sans-serif; font-weight:normal; font-style:normal; }
.p1f341 { font-family:sans-serif; font-weight:normal; font-style:normal; }
.p1f342 { font-family:sans-serif; font-weight:normal; font-style:normal; }
.p1f343 { font-family:sans-serif; font-weight:normal; font-style:normal; }
.p1f344 { font-family:sans-serif; font-weight:normal; font-style:normal; }
.p1f345 { font-family:sans-serif; font-weight:normal; font-style:normal; }
.p1f346 { font-family:sans-serif; font-weight:normal; font-style:normal; }
.p1f347 { font-family:sans-serif; font-weight:normal; font-style:normal; }
.p1f348 { font-family:sans-serif; font-weight:normal; font-style:normal; }
.p1f349 { font-family:sans-serif; font-weight:normal; font-style:normal; }
.p1f350 { font-family:sans-serif; font-weight:normal; font-style:normal; }
.p1f351 { font-family:sans-serif; font-weight:normal; font-style:normal; }
.p1f352 { font-family:sans-serif; font-weight:normal; font-style:normal; }
.p1f353 { font-family:sans-serif; font-weight:normal; font-style:normal; }
.p1f354 { font-family:sans-serif; font-weight:normal; font-style:normal; }
.p1f355 { font-family:sans-serif; font-weight:normal; font-style:normal; }
.p1f356 { font-family:sans-serif; font-weight:normal; font-style:normal; }
.p1f357 { font-family:sans-serif; font-weight:normal; font-style:normal; }
.p1f358 { font-family:sans-serif; font-weight:normal; font-style:normal; }
.p1f359 { font-family:sans-serif; font-weight:normal; font-style:normal; }
.p1f360 { font-family:sans-serif; font-weight:normal; font-style:normal; }
.p1f361 { font-family:sans-serif; font-weight:normal; font-style:normal; }
.p1f362 { font-family:sans-serif; font-weight:normal; font-style:normal; }
.p1f363 { font-family:sans-serif; font-weight:normal; font-style:normal; }
.p1f364 { font-family:sans-serif; font-weight:normal; font-style:normal; }
.p1f365 { font-family:sans-serif; font-weight:normal; font-style:normal; }
.p1f366 { font-family:sans-serif; font-weight:normal; font-style:normal; }
.p1f367 { font-family:sans-serif; font-weight:normal; font-style:normal; }
.p1f368 { font-family:sans-serif; font-weight:normal; font-style:normal; }
.p1f369 { font-family:sans-serif; font-weight:normal; font-style:normal; }
.p1f370 { font-family:sans-serif; font-weight:normal; font-style:normal; }
.p1f371 { font-family:sans-serif; font-weight:normal; font-style:normal; }
.p1f372 { font-family:sans-serif; font-weight:normal; font-style:normal; }
.p1f373 { font-family:sans-serif; font-weight:normal; font-style:normal; }
.p1f374 { font-family:sans-serif; font-weight:normal; font-style:normal; }
.p1f375 { font-family:sans-serif; font-weight:normal; font-style:normal; }
.p1f376 { font-family:sans-serif; font-weight:normal; font-style:normal; }
.p1f377 { font-family:sans-serif; font-weight:normal; font-style:normal; }
.p1f378 { font-family:sans-serif; font-weight:normal; font-style:normal; }
.p1f379 { font-family:sans-serif; font-weight:normal; font-style:normal; }
.p1f380 { font-family:sans-serif; font-weight:normal; font-style:normal; }
.p1f381 { font-family:sans-serif; font-weight:normal; font-style:normal; }
.p1f382 { font-family:sans-serif; font-weight:normal; font-style:normal; }
.p1f383 { font-family:sans-serif; font-weight:normal; font-style:normal; }
.p1f384 { font-family:sans-serif; font-weight:normal; font-style:normal; }
.p1f385 { font-family:sans-serif; font-weight:normal; font-style:normal; }
.p1f386 { font-family:sans-serif; font-weight:normal; font-style:normal; }
.p1f387 { font-family:sans-serif; font-weight:normal; font-style:normal; }
.p1f388 { font-family:sans-serif; font-weight:normal; font-style:normal; }
.p1f389 { font-family:sans-serif; font-weight:normal; font-style:normal; }
.p1f390 { font-family:sans-serif; font-weight:normal; font-style:normal; }
.p1f391 { font-family:sans-serif; font-weight:normal; font-style:normal; }
.p1f392 { font-family:sans-serif; font-weight:normal; font-style:normal; }
.p1f393 { font-family:sans-serif; font-weight:normal; font-style:normal; }
.p1f394 { font-family:sans-serif; font-weight:normal; font-style:normal; }
.p1f395 { font-family:sans-serif; font-weight:normal; font-style:normal; }
.p1f396 { font-family:sans-serif; font-weight:normal; font-style:normal; }
.p1f397 { font-family:sans-serif; font-weight:normal; font-style:normal; }
.p1f398 { font-family:sans-serif; font-weight:normal; font-style:normal; }
.p1f399 { font-family:sans-serif; font-weight:normal; font-style:normal; }
.p1f400 { font-family:sans-serif; font-weight:normal; font-style:normal; }
.p1f401 { font-family:sans-serif; font-weight:normal; font-style:normal; }
.p1f402 { font-family:sans-serif; font-weight:normal; font-style:normal; }
.p1f403 { font-family:sans-serif; font-weight:normal; font-style:normal; }
.p1f404 { font-family:sans-serif; font-weight:normal; font-style:normal; }
.p1f405 { font-family:sans-serif; font-weight:normal; font-style:normal; }
.p1f406 { font-family:sans-serif; font-weight:normal; font-style:normal; }
.p1f407 { font-family:sans-serif; font-weight:normal; font-style:normal; }
.p1f408 { font-family:sans-serif; font-weight:normal; font-style:normal; }
.p1f409 { font-family:sans-serif; font-weight:normal; font-style:normal; }
.p1f410 { font-family:sans-serif; font-weight:normal; font-style:normal; }
.p1f411 { font-family:sans-serif; font-weight:normal; font-style:normal; }
.p1f412 { font-family:sans-serif; font-weight:normal; font-style:normal; }
.p1f413 { font-family:sans-serif; font-weight:normal; font-style:normal; }
.p1f414 { font-family:sans-serif; font-weight:normal; font-style:normal; }
.p1f415 { font-family:sans-serif; font-weight:normal; font-style:normal; }
.p1f416 { font-family:sans-serif; font-weight:normal; font-style:normal; }
.p1f417 { font-family:sans-serif; font-weight:normal; font-style:normal; }
.p1f418 { font-family:sans-serif; font-weight:normal; font-style:normal; }
.p1f419 { font-family:sans-serif; font-weight:normal; font-style:normal; }
.p1f420 { font-family:sans-serif; font-weight:normal; font-style:normal; }
.p1f421 { font-family:sans-serif; font-weight:normal; font-style:normal; }
.p1f422 { font-family:sans-serif; font-weight:normal; font-style:normal; }
.p1f423 { font-family:sans-serif; font-weight:normal; font-style:normal; }
.p1f424 { font-family:sans-serif; font-weight:normal; font-style:normal; }
.p1f425 { font-family:sans-serif; font-weight:normal; font-style:normal; }
.p1f426 { font-family:sans-serif; font-weight:normal; font-style:normal; }
.p1f427 { font-family:sans-serif; font-weight:normal; font-style:normal; }
.p1f428 { font-family:sans-serif; font-weight:normal; font-style:normal; }
.p1f429 { font-family:sans-serif; font-weight:normal; font-style:normal; }
.p1f430 { font-family:sans-serif; font-weight:normal; font-style:normal; }
.p1f431 { font-family:sans-serif; font-weight:normal; font-style:normal; }
.p1f432 { font-family:sans-serif; font-weight:normal; font-style:normal; }
.p1f433 { font-family:sans-serif; font-weight:normal; font-style:normal; }
.p1f434 { font-family:sans-serif; font-weight:normal; font-style:normal; }
.p1f435 { font-family:sans-serif; font-weight:normal; font-style:normal; }
.p1f436 { font-family:sans-serif; font-weight:normal; font-style:normal; }
.p1f437 { font-family:sans-serif; font-weight:normal; font-style:normal; }
.p1f438 { font-family:sans-serif; font-weight:normal; font-style:normal; }
.p1f439 { font-family:sans-serif; font-weight:normal; font-style:normal; }
.p1f440 { font-family:sans-serif; font-weight:normal; font-style:normal; }
.p1f441 { font-family:sans-serif; font-weight:normal; font-style:normal; }
.p1f442 { font-family:sans-serif; font-weight:normal; font-style:normal; }
.p1f443 { font-family:sans-serif; font-weight:normal; font-style:normal; }
.p1f444 { font-family:sans-serif; font-weight:normal; font-style:normal; }
.p1f445 { font-family:sans-serif; font-weight:normal; font-style:normal; }
.p1f446 { font-family:sans-serif; font-weight:normal; font-style:normal; }
.p1f447 { font-family:sans-serif; font-weight:normal; font-style:normal; }
.p1f448 { font-family:sans-serif; font-weight:normal; font-style:normal; }
.p1f449 { font-family:sans-serif; font-weight:normal; font-style:normal; }
.p1f450 { font-family:sans-serif; font-weight:normal; font-style:normal; }
.p1f451 { font-family:sans-serif; font-weight:normal; font-style:normal; }
.p1f452 { font-family:sans-serif; font-weight:normal; font-style:normal; }
.p1f453 { font-family:sans-serif; font-weight:normal; font-style:normal; }
.p1f454 { font-family:sans-serif; font-weight:normal; font-style:normal; }
.p1f455 { font-family:sans-serif; font-weight:normal; font-style:normal; }
.p1f456 { font-family:sans-serif; font-weight:normal; font-style:normal; }
.p1f457 { font-family:sans-serif; font-weight:normal; font-style:normal; }
.p1f458 { font-family:sans-serif; font-weight:normal; font-style:normal; }
.p1f459 { font-family:sans-serif; font-weight:normal; font-style:normal; }
.p1f460 { font-family:sans-serif; font-weight:normal; font-style:normal; }
.p1f461 { font-family:sans-serif; font-weight:normal; font-style:normal; }
.p1f462 { font-family:sans-serif; font-weight:normal; font-style:normal; }
.p1f463 { font-family:sans-serif; font-weight:normal; font-style:normal; }
.p1f464 { font-family:sans-serif; font-weight:normal; font-style:normal; }
.p1f465 { font-family:sans-serif; font-weight:normal; font-style:normal; }
.p1f466 { font-family:sans-serif; font-weight:normal; font-style:normal; }
.p1f467 { font-family:sans-serif; font-weight:normal; font-style:normal; }
.p1f468 { font-family:sans-serif; font-weight:normal; font-style:normal; }
.p1f469 { font-family:sans-serif; font-weight:normal; font-style:normal; }
.p1f470 { font-family:sans-serif; font-weight:normal; font-style:normal; }
.p1f471 { font-family:sans-serif; font-weight:normal; font-style:normal; }
.p1f472 { font-family:sans-serif; font-weight:normal; font-style:normal; }
.p1f473 { font-family:sans-serif; font-weight:normal; font-style:normal; }
.p1f474 { font-family:sans-serif; font-weight:normal; font-style:normal; }
.p1f475 { font-family:sans-serif; font-weight:normal; font-style:normal; }
.p1f476 { font-family:sans-serif; font-weight:normal; font-style:normal; }
.p1f477 { font-family:sans-serif; font-weight:normal; font-style:normal; }
.p1f478 { font-family:sans-serif; font-weight:normal; font-style:normal; }
.p1f479 { font-family:sans-serif; font-weight:normal; font-style:normal; }
.p1f480 { font-family:sans-serif; font-weight:normal; font-style:normal; }
.p1f481 { font-family:sans-serif; font-weight:normal; font-style:normal; }
.p1f482 { font-family:sans-serif; font-weight:normal; font-style:normal; }
.p1f483 { font-family:sans-serif; font-weight:normal; font-style:normal; }
.p1f484 { font-family:sans-serif; font-weight:normal; font-style:normal; }
.p1f485 { font-family:sans-serif; font-weight:normal; font-style:normal; }
.p1f486 { font-family:sans-serif; font-weight:normal; font-style:normal; }
.p1f487 { font-family:sans-serif; font-weight:normal; font-style:normal; }
.p1f488 { font-family:sans-serif; font-weight:normal; font-style:normal; }
.p1f489 { font-family:sans-serif; font-weight:normal; font-style:normal; }
.p1f490 { font-family:sans-serif; font-weight:normal; font-style:normal; }
.p1f491 { font-family:sans-serif; font-weight:normal; font-style:normal; }
.p1f492 { font-family:sans-serif; font-weight:normal; font-style:normal; }
.p1f493 { font-family:sans-serif; font-weight:normal; font-style:normal; }
.p1f494 { font-family:sans-serif; font-weight:normal; font-style:normal; }
.p1f495 { font-family:sans-serif; font-weight:normal; font-style:normal; }
.p1f496 { font-family:sans-serif; font-weight:normal; font-style:normal; }
.p1f497 { font-family:sans-serif; font-weight:normal; font-style:normal; }
.p1f498 { font-family:sans-serif; font-weight:normal; font-style:normal; }
.p1f499 { font-family:sans-serif; font-weight:normal; font-style:normal; }
.p1f500 { font-family:sans-serif; font-weight:normal; font-style:normal; }
.p1f501 { font-family:sans-serif; font-weight:normal; font-style:normal; }
.p1f502 { font-family:sans-serif; font-weight:normal; font-style:normal; }
.p1f503 { font-family:sans-serif; font-weight:normal; font-style:normal; }
.p1f504 { font-family:sans-serif; font-weight:normal; font-style:normal; }
.p1f505 { font-family:sans-serif; font-weight:normal; font-style:normal; }
.p1f506 { font-family:sans-serif; font-weight:normal; font-style:normal; }
.p1f507 { font-family:sans-serif; font-weight:normal; font-style:normal; }
.p1f508 { font-family:sans-serif; font-weight:normal; font-style:normal; }
.p1f509 { font-family:sans-serif; font-weight:normal; font-style:normal; }
.p1f510 { font-family:sans-serif; font-weight:normal; font-style:normal; }
.p1f511 { font-family:sans-serif; font-weight:normal; font-style:normal; }
.p1f512 { font-family:sans-serif; font-weight:normal; font-style:normal; }
.p1f513 { font-family:sans-serif; font-weight:normal; font-style:normal; }
.p1f514 { font-family:sans-serif; font-weight:normal; font-style:normal; }
.p1f515 { font-family:sans-serif; font-weight:normal; font-style:normal; }
.p1f516 { font-family:sans-serif; font-weight:normal; font-style:normal; }
.p1f517 { font-family:sans-serif; font-weight:normal; font-style:normal; }
.p1f518 { font-family:sans-serif; font-weight:normal; font-style:normal; }
.p1f519 { font-family:sans-serif; font-weight:normal; font-style:normal; }
.p1f520 { font-family:sans-serif; font-weight:normal; font-style:normal; }
.p1f521 { font-family:sans-serif; font-weight:normal; font-style:normal; }
.p1f522 { font-family:sans-serif; font-weight:normal; font-style:normal; }
.p1f523 { font-family:sans-serif; font-weight:normal; font-style:normal; }
.p1f524 { font-family:sans-serif; font-weight:normal; font-style:normal; }
.p1f525 { font-family:sans-serif; font-weight:normal; font-style:normal; }
.p1f526 { font-family:sans-serif; font-weight:normal; font-style:normal; }
.p1f527 { font-family:sans-serif; font-weight:normal; font-style:normal; }
.p1f528 { font-family:sans-serif; font-weight:normal; font-style:normal; }
.p1f529 { font-family:sans-serif; font-weight:normal; font-style:normal; }
.p1f530 { font-family:sans-serif; font-weight:normal; font-style:normal; }
.p1f531 { font-family:sans-serif; font-weight:normal; font-style:normal; }
.p1f532 { font-family:sans-serif; font-weight:normal; font-style:normal; }
.p1f533 { font-family:sans-serif; font-weight:normal; font-style:normal; }
.p1f534 { font-family:sans-serif; font-weight:normal; font-style:normal; }
.p1f535 { font-family:sans-serif; font-weight:normal; font-style:normal; }
.p1f536 { font-family:sans-serif; font-weight:normal; font-style:normal; }
.p1f537 { font-family:sans-serif; font-weight:normal; font-style:normal; }
.p1f538 { font-family:sans-serif; font-weight:normal; font-style:normal; }
.p1f539 { font-family:sans-serif; font-weight:normal; font-style:normal; }
.p1f540 { font-family:sans-serif; font-weight:normal; font-style:normal; }
.p1f541 { font-family:sans-serif; font-weight:normal; font-style:normal; }
.p1f542 { font-family:sans-serif; font-weight:normal; font-style:normal; }
.p1f543 { font-family:sans-serif; font-weight:normal; font-style:normal; }
.p1f544 { font-family:sans-serif; font-weight:normal; font-style:normal; }
.p1f545 { font-family:sans-serif; font-weight:normal; font-style:normal; }
.p1f546 { font-family:sans-serif; font-weight:normal; font-style:normal; }
.p1f547 { font-family:sans-serif; font-weight:normal; font-style:normal; }
.p1f548 { font-family:sans-serif; font-weight:normal; font-style:normal; }
.p1f549 { font-family:sans-serif; font-weight:normal; font-style:normal; }
.p1f550 { font-family:sans-serif; font-weight:normal; font-style:normal; }
.p1f551 { font-family:sans-serif; font-weight:normal; font-style:normal; }
.p1f552 { font-family:sans-serif; font-weight:normal; font-style:normal; }
.p1f553 { font-family:sans-serif; font-weight:normal; font-style:normal; }
.p1f554 { font-family:sans-serif; font-weight:normal; font-style:normal; }
.p1f555 { font-family:sans-serif; font-weight:normal; font-style:normal; }
.p1f556 { font-family:sans-serif; font-weight:normal; font-style:normal; }
.p1f557 { font-family:sans-serif; font-weight:normal; font-style:normal; }
.p1f558 { font-family:sans-serif; font-weight:normal; font-style:normal; }
.p1f559 { font-family:sans-serif; font-weight:normal; font-style:normal; }
.p1f560 { font-family:sans-serif; font-weight:normal; font-style:normal; }
.p1f561 { font-family:sans-serif; font-weight:normal; font-style:normal; }
.p1f562 { font-family:sans-serif; font-weight:normal; font-style:normal; }
.p1f563 { font-family:sans-serif; font-weight:normal; font-style:normal; }
.p1f564 { font-family:sans-serif; font-weight:normal; font-style:normal; }
.p1f565 { font-family:sans-serif; font-weight:normal; font-style:normal; }
.p1f566 { font-family:sans-serif; font-weight:normal; font-style:normal; }
.p1f567 { font-family:sans-serif; font-weight:normal; font-style:normal; }
.p1f568 { font-family:sans-serif; font-weight:normal; font-style:normal; }
.p1f569 { font-family:sans-serif; font-weight:normal; font-style:normal; }
.p1f570 { font-family:sans-serif; font-weight:normal; font-style:normal; }
.p1f571 { font-family:sans-serif; font-weight:normal; font-style:normal; }
.p1f572 { font-family:sans-serif; font-weight:normal; font-style:normal; }
.p1f573 { font-family:sans-serif; font-weight:normal; font-style:normal; }
.p1f574 { font-family:sans-serif; font-weight:normal; font-style:normal; }
.p1f575 { font-family:sans-serif; font-weight:normal; font-style:normal; }
.p1f576 { font-family:sans-serif; font-weight:normal; font-style:normal; }
.p1f577 { font-family:sans-serif; font-weight:normal; font-style:normal; }
.p1f578 { font-family:sans-serif; font-weight:normal; font-style:normal; }
.p1f579 { font-family:sans-serif; font-weight:normal; font-style:normal; }
.p1f580 { font-family:sans-serif; font-weight:normal; font-style:normal; }
.p1f581 { font-family:sans-serif; font-weight:normal; font-style:normal; }
.p1f582 { font-family:sans-serif; font-weight:normal; font-style:normal; }
.p1f583 { font-family:sans-serif; font-weight:normal; font-style:normal; }
.p1f584 { font-family:sans-serif; font-weight:normal; font-style:normal; }
.p1f585 { font-family:sans-serif; font-weight:normal; font-style:normal; }
.p1f586 { font-family:sans-serif; font-weight:normal; font-style:normal; }
.p1f587 { font-family:sans-serif; font-weight:normal; font-style:normal; }
.p1f588 { font-family:sans-serif; font-weight:normal; font-style:normal; }
.p1f589 { font-family:sans-serif; font-weight:normal; font-style:normal; }
.p1f590 { font-family:sans-serif; font-weight:normal; font-style:normal; }
.p1f591 { font-family:sans-serif; font-weight:normal; font-style:normal; }
.p1f592 { font-family:sans-serif; font-weight:normal; font-style:normal; }
.p1f593 { font-family:sans-serif; font-weight:normal; font-style:normal; }
.p1f594 { font-family:sans-serif; font-weight:normal; font-style:normal; }
.p1f595 { font-family:sans-serif; font-weight:normal; font-style:normal; }
.p1f596 { font-family:sans-serif; font-weight:normal; font-style:normal; }
.p1f597 { font-family:sans-serif; font-weight:normal; font-style:normal; }
.p1f598 { font-family:sans-serif; font-weight:normal; font-style:normal; }
.p1f599 { font-family:sans-serif; font-weight:normal; font-style:normal; }
.p1f600 { font-family:sans-serif; font-weight:normal; font-style:normal; }
.p1f601 { font-family:sans-serif; font-weight:normal; font-style:normal; }
.p1f602 { font-family:sans-serif; font-weight:normal; font-style:normal; }
.p1f603 { font-family:sans-serif; font-weight:normal; font-style:normal; }
.p1f604 { font-family:sans-serif; font-weight:normal; font-style:normal; }
.p1f605 { font-family:sans-serif; font-weight:normal; font-style:normal; }
.p1f606 { font-family:sans-serif; font-weight:normal; font-style:normal; }
.p1f607 { font-family:sans-serif; font-weight:normal; font-style:normal; }
.p1f608 { font-family:sans-serif; font-weight:normal; font-style:normal; }
.p1f609 { font-family:sans-serif; font-weight:normal; font-style:normal; }
.p1f610 { font-family:sans-serif; font-weight:normal; font-style:normal; }
.p1f611 { font-family:sans-serif; font-weight:normal; font-style:normal; }
.p1f612 { font-family:sans-serif; font-weight:normal; font-style:normal; }
.p1f613 { font-family:sans-serif; font-weight:normal; font-style:normal; }
.p1f614 { font-family:sans-serif; font-weight:normal; font-style:normal; }
.p1f615 { font-family:sans-serif; font-weight:normal; font-style:normal; }
.p1f616 { font-family:sans-serif; font-weight:normal; font-style:normal; }
.p1f617 { font-family:sans-serif; font-weight:normal; font-style:normal; }
.p1f618 { font-family:sans-serif; font-weight:normal; font-style:normal; }
.p1f619 { font-family:sans-serif; font-weight:normal; font-style:normal; }
.p1f620 { font-family:sans-serif; font-weight:normal; font-style:normal; }
.p1f621 { font-family:sans-serif; font-weight:normal; font-style:normal; }
.p1f622 { font-family:sans-serif; font-weight:normal; font-style:normal; }
.p1f623 { font-family:sans-serif; font-weight:normal; font-style:normal; }
.p1f624 { font-family:sans-serif; font-weight:normal; font-style:normal; }
.p1f625 { font-family:sans-serif; font-weight:normal; font-style:normal; }
.p1f626 { font-family:sans-serif; font-weight:normal; font-style:normal; }
.p1f627 { font-family:sans-serif; font-weight:normal; font-style:normal; }
.p1f628 { font-family:sans-serif; font-weight:normal; font-style:normal; }
.p1f629 { font-family:sans-serif; font-weight:normal; font-style:normal; }
.p1f630 { font-family:sans-serif; font-weight:normal; font-style:normal; }
.p1f631 { font-family:sans-serif; font-weight:normal; font-style:normal; }
.p1f632 { font-family:sans-serif; font-weight:normal; font-style:normal; }
.p1f633 { font-family:sans-serif; font-weight:normal; font-style:normal; }
.p1f634 { font-family:sans-serif; font-weight:normal; font-style:normal; }
.p1f635 { font-family:sans-serif; font-weight:normal; font-style:normal; }
.p1f636 { font-family:sans-serif; font-weight:normal; font-style:normal; }
.p1f637 { font-family:sans-serif; font-weight:normal; font-style:normal; }
.p1f638 { font-family:sans-serif; font-weight:normal; font-style:normal; }
.p1f639 { font-family:sans-serif; font-weight:normal; font-style:normal; }
.p1f640 { font-family:sans-serif; font-weight:normal; font-style:normal; }
.p1f641 { font-family:sans-serif; font-weight:normal; font-style:normal; }
.p1f642 { font-family:sans-serif; font-weight:normal; font-style:normal; }
.p1f643 { font-family:sans-serif; font-weight:normal; font-style:normal; }
.p1f644 { font-family:sans-serif; font-weight:normal; font-style:normal; }
.p1f645 { font-family:sans-serif; font-weight:normal; font-style:normal; }
.p1f646 { font-family:sans-serif; font-weight:normal; font-style:normal; }
.p1f647 { font-family:sans-serif; font-weight:normal; font-style:normal; }
.p1f648 { font-family:sans-serif; font-weight:normal; font-style:normal; }
.p1f649 { font-family:sans-serif; font-weight:normal; font-style:normal; }
&lt;/style&gt;
&lt;img class=&quot;background&quot; height=&quot;792&quot; id=&quot;background1&quot; src=&quot;_httpdocimg_/page1.png&quot; style=&quot;position:absolute; left:0px; top:0px;&quot; width=&quot;612&quot;&gt;
&lt;div class=&quot;txt&quot; style=&quot;position:absolute; left:72px; top:75px;&quot;&gt;&lt;span class=&quot;p1f1&quot; style=&quot;font-size:14px;vertical-align:baseline;color:rgba(0,0,0,1);&quot;&gt;РЕКТОРАТ НА УНИВЕРЗИТЕТ Св.„Климент Охридски“&lt;/span&gt;&lt;span class=&quot;p1f6&quot; style=&quot;font-size:14px;vertical-align:baseline;color:rgba(0,0,0,1);&quot;&gt;- &lt;/span&gt;&lt;span class=&quot;p1f1&quot; style=&quot;font-size:14px;vertical-align:baseline;color:rgba(0,0,0,1);&quot;&gt;Битола&lt;/span&gt;&lt;/div&gt;
&lt;div class=&quot;txt&quot; style=&quot;position:absolute; left:72px; top:129px;&quot;&gt;&lt;span class=&quot;p1f18&quot; style=&quot;font-size:13px;vertical-align:baseline;color:rgba(0,0,0,1);&quot;&gt;Универзитетот “Св. Климент Охридски” – Битола, познат со акронимот УКЛО,&lt;/span&gt;&lt;/div&gt;
&lt;div class=&quot;txt&quot; style=&quot;position:absolute; left:72px; top:147px;&quot;&gt;&lt;span class=&quot;p1f18&quot; style=&quot;font-size:13px;vertical-align:baseline;color:rgba(0,0,0,1);&quot;&gt;е вториот државен Универзитет во Република Македонија, најзначајна установа&lt;/span&gt;&lt;/div&gt;
&lt;div class=&quot;txt&quot; style=&quot;position:absolute; left:72px; top:165px;&quot;&gt;&lt;span class=&quot;p1f18&quot; style=&quot;font-size:13px;vertical-align:baseline;color:rgba(0,0,0,1);&quot;&gt;од областа на високото образование во Регионот на Југозападна Македонија.&lt;/span&gt;&lt;/div&gt;
&lt;div class=&quot;txt&quot; style=&quot;position:absolute; left:72px; top:183px;&quot;&gt;&lt;span class=&quot;p1f18&quot; style=&quot;font-size:13px;vertical-align:baseline;color:rgba(0,0,0,1);&quot;&gt;Специфичната хетерогена, образовна понуда на Универзитетот којашто покрива&lt;/span&gt;&lt;/div&gt;
&lt;div class=&quot;txt&quot; style=&quot;position:absolute; left:72px; top:200px;&quot;&gt;&lt;span class=&quot;p1f18&quot; style=&quot;font-size:13px;vertical-align:baseline;color:rgba(0,0,0,1);&quot;&gt;најразлични научни дисциплини и едуцира профили компатибилни со барањата&lt;/span&gt;&lt;/div&gt;
&lt;div class=&quot;txt&quot; style=&quot;position:absolute; left:72px; top:218px;&quot;&gt;&lt;span class=&quot;p1f18&quot; style=&quot;font-size:13px;vertical-align:baseline;color:rgba(0,0,0,1);&quot;&gt;на актуелниот пазар на трудот е претставена со &lt;/span&gt;&lt;span class=&quot;p1f10&quot; style=&quot;font-size:12px;vertical-align:baseline;color:rgba(0,0,0,1);&quot;&gt;42 &lt;/span&gt;&lt;span class=&quot;p1f18&quot; style=&quot;font-size:13px;vertical-align:baseline;color:rgba(0,0,0,1);&quot;&gt;студиски програми за &lt;/span&gt;&lt;span class=&quot;p1f10&quot; style=&quot;font-size:12px;vertical-align:baseline;color:rgba(0,0,0,1);&quot;&gt;I&lt;/span&gt;&lt;/div&gt;
&lt;div class=&quot;txt&quot; style=&quot;position:absolute; left:72px; top:236px;&quot;&gt;&lt;span class=&quot;p1f18&quot; style=&quot;font-size:13px;vertical-align:baseline;color:rgba(0,0,0,1);&quot;&gt;циклус студии додипломс&lt;/span&gt;&lt;span class=&quot;p1f18&quot; style=&quot;font-size:12px;vertical-align:baseline;color:rgba(0,0,0,1);&quot;&gt;ки&lt;/span&gt;&lt;span class=&quot;p1f10&quot; style=&quot;font-size:12px;vertical-align:baseline;color:rgba(0,0,0,1);&quot;&gt;, 81 &lt;/span&gt;&lt;span class=&quot;p1f18&quot; style=&quot;font-size:13px;vertical-align:baseline;color:rgba(0,0,0,1);&quot;&gt;за &lt;/span&gt;&lt;span class=&quot;p1f10&quot; style=&quot;font-size:12px;vertical-align:baseline;color:rgba(0,0,0,1);&quot;&gt;II &lt;/span&gt;&lt;span class=&quot;p1f18&quot; style=&quot;font-size:13px;vertical-align:baseline;color:rgba(0,0,0,1);&quot;&gt;циклус студии &lt;/span&gt;&lt;span class=&quot;p1f18&quot; style=&quot;font-size:12px;vertical-align:baseline;color:rgba(0,0,0,1);&quot;&gt;последипломски &lt;/span&gt;&lt;span class=&quot;p1f18&quot; style=&quot;font-size:13px;vertical-align:baseline;color:rgba(0,0,0,1);&quot;&gt;од кои &lt;/span&gt;&lt;span class=&quot;p1f10&quot; style=&quot;font-size:12px;vertical-align:baseline;color:rgba(0,0,0,1);&quot;&gt;18&lt;/span&gt;&lt;/div&gt;
&lt;div class=&quot;txt&quot; style=&quot;position:absolute; left:72px; top:254px;&quot;&gt;&lt;span class=&quot;p1f18&quot; style=&quot;font-size:13px;vertical-align:baseline;color:rgba(0,0,0,1);&quot;&gt;специјалистички и &lt;/span&gt;&lt;span class=&quot;p1f10&quot; style=&quot;font-size:12px;vertical-align:baseline;color:rgba(0,0,0,1);&quot;&gt;15 &lt;/span&gt;&lt;span class=&quot;p1f18&quot; style=&quot;font-size:13px;vertical-align:baseline;color:rgba(0,0,0,1);&quot;&gt;студиски програми за &lt;/span&gt;&lt;span class=&quot;p1f10&quot; style=&quot;font-size:12px;vertical-align:baseline;color:rgba(0,0,0,1);&quot;&gt;III &lt;/span&gt;&lt;span class=&quot;p1f18&quot; style=&quot;font-size:13px;vertical-align:baseline;color:rgba(0,0,0,1);&quot;&gt;циклус студии&lt;/span&gt;&lt;/div&gt;
&lt;div class=&quot;txt&quot; style=&quot;position:absolute; left:72px; top:272px;&quot;&gt;&lt;span class=&quot;p1f18&quot; style=&quot;font-size:13px;vertical-align:baseline;color:rgba(0,0,0,1);&quot;&gt;докторски распределени на &lt;/span&gt;&lt;span class=&quot;p1f10&quot; style=&quot;font-size:12px;vertical-align:baseline;color:rgba(0,0,0,1);&quot;&gt;12-&lt;/span&gt;&lt;span class=&quot;p1f18&quot; style=&quot;font-size:13px;vertical-align:baseline;color:rgba(0,0,0,1);&quot;&gt;те единици: десет факултети, една висока&lt;/span&gt;&lt;/div&gt;
&lt;div class=&quot;txt&quot; style=&quot;position:absolute; left:72px; top:290px;&quot;&gt;&lt;span class=&quot;p1f18&quot; style=&quot;font-size:13px;vertical-align:baseline;color:rgba(0,0,0,1);&quot;&gt;стручна школа и Научниот институт за тутун. Во составот на УКЛО со статус на&lt;/span&gt;&lt;/div&gt;
&lt;div class=&quot;txt&quot; style=&quot;position:absolute; left:72px; top:308px;&quot;&gt;&lt;span class=&quot;p1f18&quot; style=&quot;font-size:13px;vertical-align:baseline;color:rgba(0,0,0,1);&quot;&gt;придружни членки се и две научно – истражувачки единици единствени од&lt;/span&gt;&lt;/div&gt;
&lt;div class=&quot;txt&quot; style=&quot;position:absolute; left:72px; top:325px;&quot;&gt;&lt;span class=&quot;p1f18&quot; style=&quot;font-size:13px;vertical-align:baseline;color:rgba(0,0,0,1);&quot;&gt;ваков вид во државата, Универзитетска библиотека и Студентски дом.&lt;/span&gt;&lt;/div&gt;
&lt;div class=&quot;txt&quot; style=&quot;position:absolute; left:72px; top:343px;&quot;&gt;&lt;span class=&quot;p1f18&quot; style=&quot;font-size:13px;vertical-align:baseline;color:rgba(0,0,0,1);&quot;&gt;Нашиот Универзитет зазема специфична позиција во однос на останатите&lt;/span&gt;&lt;/div&gt;
&lt;div class=&quot;txt&quot; style=&quot;position:absolute; left:72px; top:361px;&quot;&gt;&lt;span class=&quot;p1f18&quot; style=&quot;font-size:13px;vertical-align:baseline;color:rgba(0,0,0,1);&quot;&gt;Универзитети во земјата. Седиштето на Универзитетот е во&lt;/span&gt;&lt;/div&gt;
&lt;div class=&quot;txt&quot; style=&quot;position:absolute; left:72px; top:379px;&quot;&gt;&lt;span class=&quot;p1f18&quot; style=&quot;font-size:13px;vertical-align:baseline;color:rgba(0,0,0,1);&quot;&gt;Битола &lt;/span&gt;&lt;span class=&quot;p1f10&quot; style=&quot;font-size:11px;vertical-align:baseline;color:rgba(0,0,0,1);&quot;&gt;www.bitola.gov.mk &lt;/span&gt;&lt;span class=&quot;p1f10&quot; style=&quot;font-size:12px;vertical-align:baseline;color:rgba(0,0,0,1);&quot;&gt;, &lt;/span&gt;&lt;span class=&quot;p1f18&quot; style=&quot;font-size:13px;vertical-align:baseline;color:rgba(0,0,0,1);&quot;&gt;а високообразовните и научно – истражувачките&lt;/span&gt;&lt;/div&gt;
&lt;div class=&quot;txt&quot; style=&quot;position:absolute; left:72px; top:397px;&quot;&gt;&lt;span class=&quot;p1f18&quot; style=&quot;font-size:13px;vertical-align:baseline;color:rgba(0,0,0,1);&quot;&gt;единици во неговиот состав и дисперзираните студии сместени се во повеќе&lt;/span&gt;&lt;/div&gt;
&lt;div class=&quot;txt&quot; style=&quot;position:absolute; left:72px; top:415px;&quot;&gt;&lt;span class=&quot;p1f18&quot; style=&quot;font-size:13px;vertical-align:baseline;color:rgba(0,0,0,1);&quot;&gt;центри &lt;/span&gt;&lt;span class=&quot;p1f10&quot; style=&quot;font-size:12px;vertical-align:baseline;color:rgba(0,0,0,1);&quot;&gt;: &lt;/span&gt;&lt;span class=&quot;p1f18&quot; style=&quot;font-size:13px;vertical-align:baseline;color:rgba(0,0,0,1);&quot;&gt;Битола, Прилеп, Охрид, Скопје, Велес, Кичево и Струга.&lt;/span&gt;&lt;/div&gt;
&lt;div class=&quot;txt&quot; style=&quot;position:absolute; left:72px; top:433px;&quot;&gt;&lt;span class=&quot;p1f18&quot; style=&quot;font-size:13px;vertical-align:baseline;color:rgba(0,0,0,1);&quot;&gt;Она што е заедничко во ваквото плуралистичко опкружување е посветеноста во&lt;/span&gt;&lt;/div&gt;
&lt;div class=&quot;txt&quot; style=&quot;position:absolute; left:72px; top:450px;&quot;&gt;&lt;span class=&quot;p1f18&quot; style=&quot;font-size:13px;vertical-align:baseline;color:rgba(0,0,0,1);&quot;&gt;едукацијата на младите &lt;/span&gt;&lt;span class=&quot;p1f10&quot; style=&quot;font-size:12px;vertical-align:baseline;color:rgba(0,0,0,1);&quot;&gt;, &lt;/span&gt;&lt;span class=&quot;p1f18&quot; style=&quot;font-size:13px;vertical-align:baseline;color:rgba(0,0,0,1);&quot;&gt;дефинирана во мисијата и визијата на Универзитетот.&lt;/span&gt;&lt;/div&gt;
&lt;div class=&quot;txt&quot; style=&quot;position:absolute; left:72px; top:468px;&quot;&gt;&lt;span class=&quot;p1f18&quot; style=&quot;font-size:13px;vertical-align:baseline;color:rgba(0,0,0,1);&quot;&gt;Универзитетот „Св. Климент Охридски“ – Битола, годишно, во просек,&lt;/span&gt;&lt;/div&gt;
&lt;div class=&quot;txt&quot; style=&quot;position:absolute; left:72px; top:486px;&quot;&gt;&lt;span class=&quot;p1f18&quot; style=&quot;font-size:13px;vertical-align:baseline;color:rgba(0,0,0,1);&quot;&gt;привлекува околу &lt;/span&gt;&lt;span class=&quot;p1f10&quot; style=&quot;font-size:12px;vertical-align:baseline;color:rgba(0,0,0,1);&quot;&gt;3000 &lt;/span&gt;&lt;span class=&quot;p1f18&quot; style=&quot;font-size:13px;vertical-align:baseline;color:rgba(0,0,0,1);&quot;&gt;нови сту&lt;/span&gt;&lt;span class=&quot;p1f18&quot; style=&quot;font-size:12px;vertical-align:baseline;color:rgba(0,0,0,1);&quot;&gt;денти&lt;/span&gt;&lt;span class=&quot;p1f10&quot; style=&quot;font-size:12px;vertical-align:baseline;color:rgba(0,0,0,1);&quot;&gt;, &lt;/span&gt;&lt;span class=&quot;p1f18&quot; style=&quot;font-size:13px;vertical-align:baseline;color:rgba(0,0,0,1);&quot;&gt;а вкупниот број на студенти, во&lt;/span&gt;&lt;/div&gt;
&lt;div class=&quot;txt&quot; style=&quot;position:absolute; left:72px; top:504px;&quot;&gt;&lt;span class=&quot;p1f18&quot; style=&quot;font-size:13px;vertical-align:baseline;color:rgba(0,0,0,1);&quot;&gt;последниов период непрекинато се движи околу &lt;/span&gt;&lt;span class=&quot;p1f10&quot; style=&quot;font-size:12px;vertical-align:baseline;color:rgba(0,0,0,1);&quot;&gt;12000 &lt;/span&gt;&lt;span class=&quot;p1f18&quot; style=&quot;font-size:13px;vertical-align:baseline;color:rgba(0,0,0,1);&quot;&gt;студенти.&lt;/span&gt;&lt;/div&gt;
&lt;div class=&quot;txt&quot; style=&quot;position:absolute; left:72px; top:522px;&quot;&gt;&lt;span class=&quot;p1f18&quot; style=&quot;font-size:12px;vertical-align:baseline;color:rgba(0,0,0,1);&quot;&gt;Триесетипет годишниот континуиран развој на УКЛО &lt;/span&gt;&lt;span class=&quot;p1f18&quot; style=&quot;font-size:13px;vertical-align:baseline;color:rgba(0,0,0,1);&quot;&gt;опишан на страниците за&lt;/span&gt;&lt;/div&gt;
&lt;div class=&quot;txt&quot; style=&quot;position:absolute; left:72px; top:540px;&quot;&gt;&lt;span class=&quot;p1f18&quot; style=&quot;font-size:13px;vertical-align:baseline;color:rgba(0,0,0,1);&quot;&gt;неговиот историјат претставува постојана потрага по сопствениот специфичен&lt;/span&gt;&lt;/div&gt;
&lt;div class=&quot;txt&quot; style=&quot;position:absolute; left:72px; top:558px;&quot;&gt;&lt;span class=&quot;p1f18&quot; style=&quot;font-size:13px;vertical-align:baseline;color:rgba(0,0,0,1);&quot;&gt;идентитет којшто, на почетокот на ова столетие, се афирмира низ синтагмата:&lt;/span&gt;&lt;/div&gt;
&lt;div class=&quot;txt&quot; style=&quot;position:absolute; left:72px; top:575px;&quot;&gt;&lt;span class=&quot;p1f18&quot; style=&quot;font-size:13px;vertical-align:baseline;color:rgba(0,0,0,1);&quot;&gt;ОТВОРЕН, ФЛЕКСИБИЛЕН, ИНТЕГРИРАН ВО ОПКРУЖУВАЊЕТО,&lt;/span&gt;&lt;/div&gt;
&lt;div class=&quot;txt&quot; style=&quot;position:absolute; left:72px; top:593px;&quot;&gt;&lt;span class=&quot;p1f18&quot; style=&quot;font-size:13px;vertical-align:baseline;color:rgba(0,0,0,1);&quot;&gt;АКТИВЕН ПАРТНЕР ВО ОПШТЕСТВЕНО ЕКОНОМСКИТЕ ПРОЦЕСИ,&lt;/span&gt;&lt;/div&gt;
&lt;div class=&quot;txt&quot; style=&quot;position:absolute; left:72px; top:611px;&quot;&gt;&lt;span class=&quot;p1f18&quot; style=&quot;font-size:13px;vertical-align:baseline;color:rgba(0,0,0,1);&quot;&gt;ПОДГОТВЕН ДА СЕ СООЧИ СО НОВИТЕ ПРЕДИЗВИЦИ ВО&lt;/span&gt;&lt;/div&gt;
&lt;div class=&quot;txt&quot; style=&quot;position:absolute; left:72px; top:629px;&quot;&gt;&lt;span class=&quot;p1f18&quot; style=&quot;font-size:13px;vertical-align:baseline;color:rgba(0,0,0,1);&quot;&gt;ОБРАЗОВАНИЕТО И НАУКАТА ВО ЕДНА МЕЃУНАРОДНА&lt;/span&gt;&lt;/div&gt;
&lt;div class=&quot;txt&quot; style=&quot;position:absolute; left:72px; top:647px;&quot;&gt;&lt;span class=&quot;p1f18&quot; style=&quot;font-size:13px;vertical-align:baseline;color:rgba(0,0,0,1);&quot;&gt;ПЕРСПЕКТИВА.&lt;/span&gt;&lt;/div&gt;
&lt;div class=&quot;txt&quot; style=&quot;position:absolute; left:72px; top:665px;&quot;&gt;&lt;span class=&quot;p1f18&quot; style=&quot;font-size:13px;vertical-align:baseline;color:rgba(0,0,0,1);&quot;&gt;Токму заради фактот што регионално, на оваа високообразовна установа и&lt;/span&gt;&lt;/div&gt;
&lt;div class=&quot;txt&quot; style=&quot;position:absolute; left:72px; top:683px;&quot;&gt;&lt;span class=&quot;p1f18&quot; style=&quot;font-size:13px;vertical-align:baseline;color:rgba(0,0,0,1);&quot;&gt;припаѓа водечката улога во академскиот и научниот свет, за УКЛО, клучни&lt;/span&gt;&lt;/div&gt;
&lt;div class=&quot;txt&quot; style=&quot;position:absolute; left:72px; top:700px;&quot;&gt;&lt;span class=&quot;p1f18&quot; style=&quot;font-size:13px;vertical-align:baseline;color:rgba(0,0,0,1);&quot;&gt;зборови во водењето на универзитетската политика и стратегија се: современи,&lt;/span&gt;&lt;/div&gt;
&lt;/div&gt;
&lt;/div&gt;

&lt;div id=&quot;page2&quot;&gt;
</Content>
</Section>
<Section>
  <Description>
    <Metadata name="Title">Page 2</Metadata>
  </Description>
  <Content>
&lt;div style=&quot;position: relative; height: 792px; width: 612px;&quot;&gt;&lt;style type=&quot;text/css&quot;&gt;
.txt { white-space:nowrap; }
.p2f0 { font-family:sans-serif; font-weight:normal; font-style:normal; }
.p2f1 { font-family:sans-serif; font-weight:normal; font-style:normal; }
.p2f2 { font-family:sans-serif; font-weight:normal; font-style:normal; }
.p2f3 { font-family:sans-serif; font-weight:normal; font-style:normal; }
.p2f4 { font-family:sans-serif; font-weight:normal; font-style:normal; }
.p2f5 { font-family:sans-serif; font-weight:normal; font-style:normal; }
.p2f6 { font-family:sans-serif; font-weight:normal; font-style:normal; }
.p2f7 { font-family:sans-serif; font-weight:normal; font-style:normal; }
.p2f8 { font-family:sans-serif; font-weight:normal; font-style:normal; }
.p2f9 { font-family:sans-serif; font-weight:normal; font-style:normal; }
.p2f10 { font-family:sans-serif; font-weight:normal; font-style:normal; }
.p2f11 { font-family:sans-serif; font-weight:normal; font-style:normal; }
.p2f12 { font-family:sans-serif; font-weight:normal; font-style:normal; }
.p2f13 { font-family:sans-serif; font-weight:normal; font-style:normal; }
.p2f14 { font-family:sans-serif; font-weight:normal; font-style:normal; }
.p2f15 { font-family:sans-serif; font-weight:normal; font-style:normal; }
.p2f16 { font-family:sans-serif; font-weight:normal; font-style:normal; }
.p2f17 { font-family:sans-serif; font-weight:normal; font-style:normal; }
.p2f18 { font-family:sans-serif; font-weight:normal; font-style:normal; }
.p2f19 { font-family:sans-serif; font-weight:normal; font-style:normal; }
.p2f20 { font-family:sans-serif; font-weight:normal; font-style:normal; }
.p2f21 { font-family:sans-serif; font-weight:normal; font-style:normal; }
.p2f22 { font-family:sans-serif; font-weight:normal; font-style:normal; }
.p2f23 { font-family:sans-serif; font-weight:normal; font-style:normal; }
.p2f24 { font-family:sans-serif; font-weight:normal; font-style:normal; }
.p2f25 { font-family:sans-serif; font-weight:normal; font-style:normal; }
.p2f26 { font-family:sans-serif; font-weight:normal; font-style:normal; }
.p2f27 { font-family:sans-serif; font-weight:normal; font-style:normal; }
.p2f28 { font-family:sans-serif; font-weight:normal; font-style:normal; }
.p2f29 { font-family:sans-serif; font-weight:normal; font-style:normal; }
.p2f30 { font-family:sans-serif; font-weight:normal; font-style:normal; }
.p2f31 { font-family:sans-serif; font-weight:normal; font-style:normal; }
.p2f32 { font-family:sans-serif; font-weight:normal; font-style:normal; }
.p2f33 { font-family:sans-serif; font-weight:normal; font-style:normal; }
.p2f34 { font-family:sans-serif; font-weight:normal; font-style:normal; }
.p2f35 { font-family:sans-serif; font-weight:normal; font-style:normal; }
.p2f36 { font-family:sans-serif; font-weight:normal; font-style:normal; }
.p2f37 { font-family:sans-serif; font-weight:normal; font-style:normal; }
.p2f38 { font-family:sans-serif; font-weight:normal; font-style:normal; }
.p2f39 { font-family:sans-serif; font-weight:normal; font-style:normal; }
.p2f40 { font-family:sans-serif; font-weight:normal; font-style:normal; }
.p2f41 { font-family:sans-serif; font-weight:normal; font-style:normal; }
.p2f42 { font-family:sans-serif; font-weight:normal; font-style:normal; }
.p2f43 { font-family:sans-serif; font-weight:normal; font-style:normal; }
.p2f44 { font-family:sans-serif; font-weight:normal; font-style:normal; }
.p2f45 { font-family:sans-serif; font-weight:normal; font-style:normal; }
.p2f46 { font-family:sans-serif; font-weight:normal; font-style:normal; }
.p2f47 { font-family:sans-serif; font-weight:normal; font-style:normal; }
.p2f48 { font-family:sans-serif; font-weight:normal; font-style:normal; }
.p2f49 { font-family:sans-serif; font-weight:normal; font-style:normal; }
.p2f50 { font-family:sans-serif; font-weight:normal; font-style:normal; }
.p2f51 { font-family:sans-serif; font-weight:normal; font-style:normal; }
.p2f52 { font-family:sans-serif; font-weight:normal; font-style:normal; }
.p2f53 { font-family:sans-serif; font-weight:normal; font-style:normal; }
.p2f54 { font-family:sans-serif; font-weight:normal; font-style:normal; }
.p2f55 { font-family:sans-serif; font-weight:normal; font-style:normal; }
.p2f56 { font-family:sans-serif; font-weight:normal; font-style:normal; }
.p2f57 { font-family:sans-serif; font-weight:normal; font-style:normal; }
.p2f58 { font-family:sans-serif; font-weight:normal; font-style:normal; }
.p2f59 { font-family:sans-serif; font-weight:normal; font-style:normal; }
.p2f60 { font-family:sans-serif; font-weight:normal; font-style:normal; }
.p2f61 { font-family:sans-serif; font-weight:normal; font-style:normal; }
.p2f62 { font-family:sans-serif; font-weight:normal; font-style:normal; }
.p2f63 { font-family:sans-serif; font-weight:normal; font-style:normal; }
.p2f64 { font-family:sans-serif; font-weight:normal; font-style:normal; }
.p2f65 { font-family:sans-serif; font-weight:normal; font-style:normal; }
.p2f66 { font-family:sans-serif; font-weight:normal; font-style:normal; }
.p2f67 { font-family:sans-serif; font-weight:normal; font-style:normal; }
.p2f68 { font-family:sans-serif; font-weight:normal; font-style:normal; }
.p2f69 { font-family:sans-serif; font-weight:normal; font-style:normal; }
.p2f70 { font-family:sans-serif; font-weight:normal; font-style:normal; }
.p2f71 { font-family:sans-serif; font-weight:normal; font-style:normal; }
.p2f72 { font-family:sans-serif; font-weight:normal; font-style:normal; }
.p2f73 { font-family:sans-serif; font-weight:normal; font-style:normal; }
.p2f74 { font-family:sans-serif; font-weight:normal; font-style:normal; }
.p2f75 { font-family:sans-serif; font-weight:normal; font-style:normal; }
.p2f76 { font-family:sans-serif; font-weight:normal; font-style:normal; }
.p2f77 { font-family:sans-serif; font-weight:normal; font-style:normal; }
.p2f78 { font-family:sans-serif; font-weight:normal; font-style:normal; }
.p2f79 { font-family:sans-serif; font-weight:normal; font-style:normal; }
.p2f80 { font-family:sans-serif; font-weight:normal; font-style:normal; }
.p2f81 { font-family:sans-serif; font-weight:normal; font-style:normal; }
.p2f82 { font-family:sans-serif; font-weight:normal; font-style:normal; }
.p2f83 { font-family:sans-serif; font-weight:normal; font-style:normal; }
.p2f84 { font-family:sans-serif; font-weight:normal; font-style:normal; }
.p2f85 { font-family:sans-serif; font-weight:normal; font-style:normal; }
.p2f86 { font-family:sans-serif; font-weight:normal; font-style:normal; }
.p2f87 { font-family:sans-serif; font-weight:normal; font-style:normal; }
.p2f88 { font-family:sans-serif; font-weight:normal; font-style:normal; }
.p2f89 { font-family:sans-serif; font-weight:normal; font-style:normal; }
.p2f90 { font-family:sans-serif; font-weight:normal; font-style:normal; }
.p2f91 { font-family:sans-serif; font-weight:normal; font-style:normal; }
.p2f92 { font-family:sans-serif; font-weight:normal; font-style:normal; }
.p2f93 { font-family:sans-serif; font-weight:normal; font-style:normal; }
.p2f94 { font-family:sans-serif; font-weight:normal; font-style:normal; }
.p2f95 { font-family:sans-serif; font-weight:normal; font-style:normal; }
.p2f96 { font-family:sans-serif; font-weight:normal; font-style:normal; }
.p2f97 { font-family:sans-serif; font-weight:normal; font-style:normal; }
.p2f98 { font-family:sans-serif; font-weight:normal; font-style:normal; }
.p2f99 { font-family:sans-serif; font-weight:normal; font-style:normal; }
.p2f100 { font-family:sans-serif; font-weight:normal; font-style:normal; }
&lt;/style&gt;
&lt;img class=&quot;background&quot; height=&quot;792&quot; id=&quot;background2&quot; src=&quot;_httpdocimg_/page2.png&quot; style=&quot;position:absolute; left:0px; top:0px;&quot; width=&quot;612&quot;&gt;
&lt;div class=&quot;txt&quot; style=&quot;position:absolute; left:72px; top:75px;&quot;&gt;&lt;span class=&quot;p2f1&quot; style=&quot;font-size:13px;vertical-align:baseline;color:rgba(0,0,0,1);&quot;&gt;флексибилни студиски програми, транспарентна организациона структура&lt;/span&gt;&lt;/div&gt;
&lt;div class=&quot;txt&quot; style=&quot;position:absolute; left:72px; top:93px;&quot;&gt;&lt;span class=&quot;p2f1&quot; style=&quot;font-size:13px;vertical-align:baseline;color:rgba(0,0,0,1);&quot;&gt;(организациона шема, динамичен менаџмент на човечките ресурси, активна&lt;/span&gt;&lt;/div&gt;
&lt;div class=&quot;txt&quot; style=&quot;position:absolute; left:72px; top:111px;&quot;&gt;&lt;span class=&quot;p2f1&quot; style=&quot;font-size:13px;vertical-align:baseline;color:rgba(0,0,0,1);&quot;&gt;политика на интегрирање во опкружувањто на Универзитетот, креирање на&lt;/span&gt;&lt;/div&gt;
&lt;div class=&quot;txt&quot; style=&quot;position:absolute; left:72px; top:128px;&quot;&gt;&lt;span class=&quot;p2f1&quot; style=&quot;font-size:13px;vertical-align:baseline;color:rgba(0,0,0,1);&quot;&gt;силни релации Универзитет:стопанство, поддршка на нови иницијативи, акцент&lt;/span&gt;&lt;/div&gt;
&lt;div class=&quot;txt&quot; style=&quot;position:absolute; left:72px; top:146px;&quot;&gt;&lt;span class=&quot;p2f1&quot; style=&quot;font-size:13px;vertical-align:baseline;color:rgba(0,0,0,1);&quot;&gt;врз интернационализацијата &lt;/span&gt;&lt;span class=&quot;p2f1&quot; style=&quot;font-size:12px;vertical-align:baseline;color:rgba(0,0,0,1);&quot;&gt;меѓународна соработка &lt;/span&gt;&lt;span class=&quot;p2f1&quot; style=&quot;font-size:13px;vertical-align:baseline;color:rgba(0,0,0,1);&quot;&gt;спроведување на култура на&lt;/span&gt;&lt;/div&gt;
&lt;div class=&quot;txt&quot; style=&quot;position:absolute; left:72px; top:164px;&quot;&gt;&lt;span class=&quot;p2f1&quot; style=&quot;font-size:13px;vertical-align:baseline;color:rgba(0,0,0,1);&quot;&gt;квалитет во сите сфери од универзитетското делување&lt;/span&gt;&lt;span class=&quot;p2f3&quot; style=&quot;font-size:11px;vertical-align:baseline;color:rgba(0,0,0,1);&quot;&gt;.&lt;/span&gt;&lt;/div&gt;
&lt;/div&gt;
&lt;/div&gt;

</Content>
</Section>
</Section>
</Archive>
