<?xml version="1.0" encoding="utf-8" standalone="no"?>
<!DOCTYPE Archive SYSTEM "http://greenstone.org/dtd/Archive/1.0/Archive.dtd">
<Archive>
<Section>
  <Description>
    <Metadata name="gsdlsourcefilename">import\8.Stara Charshija.jpg</Metadata>
    <Metadata name="gsdlsourcefilerenamemethod">url</Metadata>
    <Metadata name="gsdldoctype">indexed_doc</Metadata>
    <Metadata name="Plugin">ImagePlugin</Metadata>
    <Metadata name="Image">8.Stara Charshija.jpg</Metadata>
    <Metadata name="OrigSource">8.Stara Charshija.jpg</Metadata>
    <Metadata name="Source">8.Stara Charshija.jpg</Metadata>
    <Metadata name="SourceFile">8.Stara Charshija.jpg</Metadata>
    <Metadata name="FileFormat">unknown</Metadata>
    <Metadata name="FileSize">49030</Metadata>
    <Metadata name="ImageType">unknown</Metadata>
    <Metadata name="ImageWidth">unknown</Metadata>
    <Metadata name="ImageHeight">unknown</Metadata>
    <Metadata name="ImageSize">unknown</Metadata>
    <Metadata name="srclink_file">8.Stara Charshija.jpg</Metadata>
    <Metadata name="srclinkFile">8.Stara Charshija.jpg</Metadata>
    <Metadata name="srcicon">&lt;img src=&quot;_httpprefix_/collect/[collection]/index/assoc/[assocfilepath]/[srclinkFile]&quot; width=&quot;[ImageWidth]&quot; height=&quot;[ImageHeight]&quot;&gt;</Metadata>
    <Metadata name="NoText">1</Metadata>
    <Metadata name="Title">8.Stara Charshija</Metadata>
    <Metadata name="Identifier">HASH016515fe6229b350388de4f5</Metadata>
    <Metadata name="lastmodified">1687173268</Metadata>
    <Metadata name="lastmodifieddate">20230619</Metadata>
    <Metadata name="oailastmodified">1687177855</Metadata>
    <Metadata name="oailastmodifieddate">20230619</Metadata>
    <Metadata name="assocfilepath">HASH0165.dir</Metadata>
    <Metadata name="gsdlassocfile">8.Stara Charshija.jpg:image/unknown:</Metadata>
  </Description>
  <Content>This document has no text.</Content>
</Section>
</Archive>
