<?xml version="1.0" encoding="utf-8" standalone="no"?>
<!DOCTYPE Archive SYSTEM "http://greenstone.org/dtd/Archive/1.0/Archive.dtd">
<Archive>
<Section>
  <Description>
    <Metadata name="gsdldoctype">indexed_doc</Metadata>
    <Metadata name="Language">en</Metadata>
    <Metadata name="Encoding">utf8</Metadata>
    <Metadata name="URL">http://C:/Users/Maja/Greenstone3/web/sites/localsite/collect/kulturno/tmp/1687177860_1/99999.Tradicionalni obichai-Bitola.html</Metadata>
    <Metadata name="UTF8URL">http://C:/Users/Maja/Greenstone3/web/sites/localsite/collect/kulturno/tmp/1687177860_1/99999.Tradicionalni obichai-Bitola.html</Metadata>
    <Metadata name="Title">99999.Tradicionalni obichai-Bitola</Metadata>
    <Metadata name="gsdlsourcefilename">import\99999.Tradicionalni obichai-Bitola.pdf</Metadata>
    <Metadata name="gsdlsourcefilerenamemethod">url</Metadata>
    <Metadata name="gsdlconvertedfilename">tmp\1687177860_1\99999.Tradicionalni obichai-Bitola.html</Metadata>
    <Metadata name="OrigSource">99999.Tradicionalni obichai-Bitola.html</Metadata>
    <Metadata name="Source">99999.Tradicionalni obichai-Bitola.pdf</Metadata>
    <Metadata name="SourceFile">99999.Tradicionalni obichai-Bitola.pdf</Metadata>
    <Metadata name="Plugin">PDFv2Plugin</Metadata>
    <Metadata name="FileSize">653535</Metadata>
    <Metadata name="FilenameRoot">99999.Tradicionalni obichai-Bitola</Metadata>
    <Metadata name="FileFormat">PDF</Metadata>
    <Metadata name="srcicon">_iconpdf_</Metadata>
    <Metadata name="srclink_file">doc.pdf</Metadata>
    <Metadata name="srclinkFile">doc.pdf</Metadata>
    <Metadata name="Identifier">HASH011de1480331a755b0c6e642</Metadata>
    <Metadata name="lastmodified">1687173445</Metadata>
    <Metadata name="lastmodifieddate">20230619</Metadata>
    <Metadata name="oailastmodified">1687177861</Metadata>
    <Metadata name="oailastmodifieddate">20230619</Metadata>
    <Metadata name="assocfilepath">HASH011d.dir</Metadata>
    <Metadata name="gsdlassocfile">page1.png:image/png:</Metadata>
    <Metadata name="gsdlassocfile">page2.png:image/png:</Metadata>
    <Metadata name="gsdlassocfile">page3.png:image/png:</Metadata>
    <Metadata name="gsdlassocfile">page4.png:image/png:</Metadata>
    <Metadata name="gsdlassocfile">doc.pdf:application/pdf:</Metadata>
  </Description>
  <Content>



&lt;div id=&quot;page1&quot;&gt;
</Content>
<Section>
  <Description>
    <Metadata name="Title">Page 1</Metadata>
  </Description>
  <Content>
&lt;div style=&quot;position: relative; height: 792px; width: 612px;&quot;&gt;&lt;style type=&quot;text/css&quot;&gt;
.txt { white-space:nowrap; }
.p1f0 { font-family:sans-serif; font-weight:normal; font-style:normal; }
.p1f1 { font-family:sans-serif; font-weight:normal; font-style:normal; }
.p1f2 { font-family:sans-serif; font-weight:normal; font-style:normal; }
.p1f3 { font-family:sans-serif; font-weight:normal; font-style:normal; }
.p1f4 { font-family:sans-serif; font-weight:normal; font-style:normal; }
.p1f5 { font-family:sans-serif; font-weight:normal; font-style:normal; }
.p1f6 { font-family:sans-serif; font-weight:normal; font-style:normal; }
.p1f7 { font-family:sans-serif; font-weight:normal; font-style:normal; }
.p1f8 { font-family:sans-serif; font-weight:normal; font-style:normal; }
.p1f9 { font-family:sans-serif; font-weight:normal; font-style:normal; }
.p1f10 { font-family:sans-serif; font-weight:normal; font-style:normal; }
.p1f11 { font-family:sans-serif; font-weight:normal; font-style:normal; }
.p1f12 { font-family:monospace; font-weight:normal; font-style:normal; }
.p1f13 { font-family:sans-serif; font-weight:normal; font-style:normal; }
.p1f14 { font-family:sans-serif; font-weight:normal; font-style:normal; }
.p1f15 { font-family:sans-serif; font-weight:normal; font-style:normal; }
.p1f16 { font-family:sans-serif; font-weight:normal; font-style:normal; }
.p1f17 { font-family:sans-serif; font-weight:normal; font-style:normal; }
.p1f18 { font-family:sans-serif; font-weight:normal; font-style:normal; }
.p1f19 { font-family:sans-serif; font-weight:normal; font-style:normal; }
.p1f20 { font-family:sans-serif; font-weight:normal; font-style:normal; }
.p1f21 { font-family:sans-serif; font-weight:normal; font-style:normal; }
.p1f22 { font-family:sans-serif; font-weight:normal; font-style:normal; }
.p1f23 { font-family:sans-serif; font-weight:normal; font-style:normal; }
.p1f24 { font-family:sans-serif; font-weight:normal; font-style:normal; }
.p1f25 { font-family:sans-serif; font-weight:normal; font-style:normal; }
.p1f26 { font-family:sans-serif; font-weight:normal; font-style:normal; }
.p1f27 { font-family:sans-serif; font-weight:normal; font-style:normal; }
.p1f28 { font-family:sans-serif; font-weight:normal; font-style:normal; }
.p1f29 { font-family:sans-serif; font-weight:normal; font-style:normal; }
.p1f30 { font-family:sans-serif; font-weight:normal; font-style:normal; }
.p1f31 { font-family:sans-serif; font-weight:normal; font-style:normal; }
.p1f32 { font-family:sans-serif; font-weight:normal; font-style:normal; }
.p1f33 { font-family:sans-serif; font-weight:normal; font-style:normal; }
.p1f34 { font-family:sans-serif; font-weight:normal; font-style:normal; }
.p1f35 { font-family:sans-serif; font-weight:normal; font-style:normal; }
.p1f36 { font-family:sans-serif; font-weight:normal; font-style:normal; }
.p1f37 { font-family:sans-serif; font-weight:normal; font-style:normal; }
.p1f38 { font-family:sans-serif; font-weight:normal; font-style:normal; }
.p1f39 { font-family:sans-serif; font-weight:normal; font-style:normal; }
.p1f40 { font-family:sans-serif; font-weight:normal; font-style:normal; }
.p1f41 { font-family:sans-serif; font-weight:normal; font-style:normal; }
.p1f42 { font-family:sans-serif; font-weight:normal; font-style:normal; }
.p1f43 { font-family:sans-serif; font-weight:normal; font-style:normal; }
.p1f44 { font-family:sans-serif; font-weight:normal; font-style:normal; }
.p1f45 { font-family:sans-serif; font-weight:normal; font-style:normal; }
.p1f46 { font-family:sans-serif; font-weight:normal; font-style:normal; }
.p1f47 { font-family:sans-serif; font-weight:normal; font-style:normal; }
.p1f48 { font-family:sans-serif; font-weight:normal; font-style:normal; }
.p1f49 { font-family:sans-serif; font-weight:normal; font-style:normal; }
.p1f50 { font-family:sans-serif; font-weight:normal; font-style:normal; }
.p1f51 { font-family:sans-serif; font-weight:normal; font-style:normal; }
.p1f52 { font-family:sans-serif; font-weight:normal; font-style:normal; }
.p1f53 { font-family:sans-serif; font-weight:normal; font-style:normal; }
.p1f54 { font-family:sans-serif; font-weight:normal; font-style:normal; }
.p1f55 { font-family:sans-serif; font-weight:normal; font-style:normal; }
.p1f56 { font-family:sans-serif; font-weight:normal; font-style:normal; }
.p1f57 { font-family:sans-serif; font-weight:normal; font-style:normal; }
.p1f58 { font-family:sans-serif; font-weight:normal; font-style:normal; }
.p1f59 { font-family:sans-serif; font-weight:normal; font-style:normal; }
.p1f60 { font-family:sans-serif; font-weight:normal; font-style:normal; }
.p1f61 { font-family:sans-serif; font-weight:normal; font-style:normal; }
.p1f62 { font-family:sans-serif; font-weight:normal; font-style:normal; }
.p1f63 { font-family:sans-serif; font-weight:normal; font-style:normal; }
.p1f64 { font-family:sans-serif; font-weight:normal; font-style:normal; }
.p1f65 { font-family:sans-serif; font-weight:normal; font-style:normal; }
.p1f66 { font-family:sans-serif; font-weight:normal; font-style:normal; }
.p1f67 { font-family:sans-serif; font-weight:normal; font-style:normal; }
.p1f68 { font-family:sans-serif; font-weight:normal; font-style:normal; }
.p1f69 { font-family:sans-serif; font-weight:normal; font-style:normal; }
.p1f70 { font-family:sans-serif; font-weight:normal; font-style:normal; }
.p1f71 { font-family:sans-serif; font-weight:normal; font-style:normal; }
.p1f72 { font-family:sans-serif; font-weight:normal; font-style:normal; }
.p1f73 { font-family:sans-serif; font-weight:normal; font-style:normal; }
.p1f74 { font-family:sans-serif; font-weight:normal; font-style:normal; }
.p1f75 { font-family:sans-serif; font-weight:normal; font-style:normal; }
.p1f76 { font-family:sans-serif; font-weight:normal; font-style:normal; }
.p1f77 { font-family:sans-serif; font-weight:normal; font-style:normal; }
.p1f78 { font-family:sans-serif; font-weight:normal; font-style:normal; }
.p1f79 { font-family:sans-serif; font-weight:normal; font-style:normal; }
.p1f80 { font-family:sans-serif; font-weight:normal; font-style:normal; }
.p1f81 { font-family:sans-serif; font-weight:normal; font-style:normal; }
.p1f82 { font-family:sans-serif; font-weight:normal; font-style:normal; }
.p1f83 { font-family:sans-serif; font-weight:normal; font-style:normal; }
.p1f84 { font-family:sans-serif; font-weight:normal; font-style:normal; }
.p1f85 { font-family:sans-serif; font-weight:normal; font-style:normal; }
.p1f86 { font-family:sans-serif; font-weight:normal; font-style:normal; }
.p1f87 { font-family:sans-serif; font-weight:normal; font-style:normal; }
.p1f88 { font-family:sans-serif; font-weight:normal; font-style:normal; }
.p1f89 { font-family:sans-serif; font-weight:normal; font-style:normal; }
.p1f90 { font-family:sans-serif; font-weight:normal; font-style:normal; }
.p1f91 { font-family:sans-serif; font-weight:normal; font-style:normal; }
.p1f92 { font-family:sans-serif; font-weight:normal; font-style:normal; }
.p1f93 { font-family:sans-serif; font-weight:normal; font-style:normal; }
.p1f94 { font-family:sans-serif; font-weight:normal; font-style:normal; }
.p1f95 { font-family:sans-serif; font-weight:normal; font-style:normal; }
.p1f96 { font-family:sans-serif; font-weight:normal; font-style:normal; }
.p1f97 { font-family:sans-serif; font-weight:normal; font-style:normal; }
.p1f98 { font-family:sans-serif; font-weight:normal; font-style:normal; }
.p1f99 { font-family:sans-serif; font-weight:normal; font-style:normal; }
.p1f100 { font-family:sans-serif; font-weight:normal; font-style:normal; }
.p1f101 { font-family:sans-serif; font-weight:normal; font-style:normal; }
.p1f102 { font-family:sans-serif; font-weight:normal; font-style:normal; }
.p1f103 { font-family:sans-serif; font-weight:normal; font-style:normal; }
.p1f104 { font-family:sans-serif; font-weight:normal; font-style:normal; }
.p1f105 { font-family:sans-serif; font-weight:normal; font-style:normal; }
.p1f106 { font-family:sans-serif; font-weight:normal; font-style:normal; }
.p1f107 { font-family:sans-serif; font-weight:normal; font-style:normal; }
.p1f108 { font-family:sans-serif; font-weight:normal; font-style:normal; }
.p1f109 { font-family:sans-serif; font-weight:normal; font-style:normal; }
.p1f110 { font-family:sans-serif; font-weight:normal; font-style:normal; }
.p1f111 { font-family:sans-serif; font-weight:normal; font-style:normal; }
.p1f112 { font-family:sans-serif; font-weight:normal; font-style:normal; }
.p1f113 { font-family:sans-serif; font-weight:normal; font-style:normal; }
.p1f114 { font-family:sans-serif; font-weight:normal; font-style:normal; }
.p1f115 { font-family:sans-serif; font-weight:normal; font-style:normal; }
.p1f116 { font-family:sans-serif; font-weight:normal; font-style:normal; }
.p1f117 { font-family:sans-serif; font-weight:normal; font-style:normal; }
.p1f118 { font-family:sans-serif; font-weight:normal; font-style:normal; }
.p1f119 { font-family:sans-serif; font-weight:normal; font-style:normal; }
.p1f120 { font-family:sans-serif; font-weight:normal; font-style:normal; }
.p1f121 { font-family:sans-serif; font-weight:normal; font-style:normal; }
.p1f122 { font-family:sans-serif; font-weight:normal; font-style:normal; }
.p1f123 { font-family:sans-serif; font-weight:normal; font-style:normal; }
.p1f124 { font-family:sans-serif; font-weight:normal; font-style:normal; }
.p1f125 { font-family:sans-serif; font-weight:normal; font-style:normal; }
.p1f126 { font-family:sans-serif; font-weight:normal; font-style:normal; }
.p1f127 { font-family:sans-serif; font-weight:normal; font-style:normal; }
.p1f128 { font-family:sans-serif; font-weight:normal; font-style:normal; }
.p1f129 { font-family:sans-serif; font-weight:normal; font-style:normal; }
.p1f130 { font-family:sans-serif; font-weight:normal; font-style:normal; }
.p1f131 { font-family:sans-serif; font-weight:normal; font-style:normal; }
.p1f132 { font-family:sans-serif; font-weight:normal; font-style:normal; }
.p1f133 { font-family:sans-serif; font-weight:normal; font-style:normal; }
.p1f134 { font-family:sans-serif; font-weight:normal; font-style:normal; }
.p1f135 { font-family:sans-serif; font-weight:normal; font-style:normal; }
.p1f136 { font-family:sans-serif; font-weight:normal; font-style:normal; }
.p1f137 { font-family:sans-serif; font-weight:normal; font-style:normal; }
.p1f138 { font-family:sans-serif; font-weight:normal; font-style:normal; }
.p1f139 { font-family:sans-serif; font-weight:normal; font-style:normal; }
.p1f140 { font-family:sans-serif; font-weight:normal; font-style:normal; }
.p1f141 { font-family:sans-serif; font-weight:normal; font-style:normal; }
.p1f142 { font-family:sans-serif; font-weight:normal; font-style:normal; }
.p1f143 { font-family:sans-serif; font-weight:normal; font-style:normal; }
.p1f144 { font-family:sans-serif; font-weight:normal; font-style:normal; }
.p1f145 { font-family:sans-serif; font-weight:normal; font-style:normal; }
.p1f146 { font-family:sans-serif; font-weight:normal; font-style:normal; }
.p1f147 { font-family:sans-serif; font-weight:normal; font-style:normal; }
.p1f148 { font-family:sans-serif; font-weight:normal; font-style:normal; }
.p1f149 { font-family:sans-serif; font-weight:normal; font-style:normal; }
.p1f150 { font-family:sans-serif; font-weight:normal; font-style:normal; }
.p1f151 { font-family:sans-serif; font-weight:normal; font-style:normal; }
.p1f152 { font-family:sans-serif; font-weight:normal; font-style:normal; }
.p1f153 { font-family:sans-serif; font-weight:normal; font-style:normal; }
.p1f154 { font-family:sans-serif; font-weight:normal; font-style:normal; }
.p1f155 { font-family:sans-serif; font-weight:normal; font-style:normal; }
.p1f156 { font-family:sans-serif; font-weight:normal; font-style:normal; }
.p1f157 { font-family:sans-serif; font-weight:normal; font-style:normal; }
.p1f158 { font-family:sans-serif; font-weight:normal; font-style:normal; }
.p1f159 { font-family:sans-serif; font-weight:normal; font-style:normal; }
.p1f160 { font-family:sans-serif; font-weight:normal; font-style:normal; }
.p1f161 { font-family:sans-serif; font-weight:normal; font-style:normal; }
.p1f162 { font-family:sans-serif; font-weight:normal; font-style:normal; }
.p1f163 { font-family:sans-serif; font-weight:normal; font-style:normal; }
.p1f164 { font-family:sans-serif; font-weight:normal; font-style:normal; }
.p1f165 { font-family:sans-serif; font-weight:normal; font-style:normal; }
.p1f166 { font-family:sans-serif; font-weight:normal; font-style:normal; }
.p1f167 { font-family:sans-serif; font-weight:normal; font-style:normal; }
.p1f168 { font-family:sans-serif; font-weight:normal; font-style:normal; }
.p1f169 { font-family:sans-serif; font-weight:normal; font-style:normal; }
.p1f170 { font-family:sans-serif; font-weight:normal; font-style:normal; }
.p1f171 { font-family:sans-serif; font-weight:normal; font-style:normal; }
.p1f172 { font-family:sans-serif; font-weight:normal; font-style:normal; }
.p1f173 { font-family:sans-serif; font-weight:normal; font-style:normal; }
.p1f174 { font-family:sans-serif; font-weight:normal; font-style:normal; }
.p1f175 { font-family:sans-serif; font-weight:normal; font-style:normal; }
.p1f176 { font-family:sans-serif; font-weight:normal; font-style:normal; }
.p1f177 { font-family:sans-serif; font-weight:normal; font-style:normal; }
.p1f178 { font-family:sans-serif; font-weight:normal; font-style:normal; }
.p1f179 { font-family:sans-serif; font-weight:normal; font-style:normal; }
.p1f180 { font-family:sans-serif; font-weight:normal; font-style:normal; }
.p1f181 { font-family:sans-serif; font-weight:normal; font-style:normal; }
.p1f182 { font-family:sans-serif; font-weight:normal; font-style:normal; }
.p1f183 { font-family:sans-serif; font-weight:normal; font-style:normal; }
.p1f184 { font-family:sans-serif; font-weight:normal; font-style:normal; }
.p1f185 { font-family:sans-serif; font-weight:normal; font-style:normal; }
.p1f186 { font-family:sans-serif; font-weight:normal; font-style:normal; }
.p1f187 { font-family:sans-serif; font-weight:normal; font-style:normal; }
.p1f188 { font-family:sans-serif; font-weight:normal; font-style:normal; }
.p1f189 { font-family:sans-serif; font-weight:normal; font-style:normal; }
.p1f190 { font-family:sans-serif; font-weight:normal; font-style:normal; }
.p1f191 { font-family:sans-serif; font-weight:normal; font-style:normal; }
.p1f192 { font-family:sans-serif; font-weight:normal; font-style:normal; }
.p1f193 { font-family:sans-serif; font-weight:normal; font-style:normal; }
.p1f194 { font-family:sans-serif; font-weight:normal; font-style:normal; }
.p1f195 { font-family:sans-serif; font-weight:normal; font-style:normal; }
.p1f196 { font-family:sans-serif; font-weight:normal; font-style:normal; }
.p1f197 { font-family:sans-serif; font-weight:normal; font-style:normal; }
.p1f198 { font-family:sans-serif; font-weight:normal; font-style:normal; }
.p1f199 { font-family:sans-serif; font-weight:normal; font-style:normal; }
.p1f200 { font-family:sans-serif; font-weight:normal; font-style:normal; }
.p1f201 { font-family:sans-serif; font-weight:normal; font-style:normal; }
.p1f202 { font-family:sans-serif; font-weight:normal; font-style:normal; }
.p1f203 { font-family:sans-serif; font-weight:normal; font-style:normal; }
.p1f204 { font-family:sans-serif; font-weight:normal; font-style:normal; }
.p1f205 { font-family:sans-serif; font-weight:normal; font-style:normal; }
.p1f206 { font-family:sans-serif; font-weight:normal; font-style:normal; }
.p1f207 { font-family:sans-serif; font-weight:normal; font-style:normal; }
.p1f208 { font-family:sans-serif; font-weight:normal; font-style:normal; }
.p1f209 { font-family:sans-serif; font-weight:normal; font-style:normal; }
.p1f210 { font-family:sans-serif; font-weight:normal; font-style:normal; }
.p1f211 { font-family:sans-serif; font-weight:normal; font-style:normal; }
.p1f212 { font-family:sans-serif; font-weight:normal; font-style:normal; }
.p1f213 { font-family:sans-serif; font-weight:normal; font-style:normal; }
.p1f214 { font-family:sans-serif; font-weight:normal; font-style:normal; }
.p1f215 { font-family:sans-serif; font-weight:normal; font-style:normal; }
.p1f216 { font-family:sans-serif; font-weight:normal; font-style:normal; }
.p1f217 { font-family:sans-serif; font-weight:normal; font-style:normal; }
.p1f218 { font-family:sans-serif; font-weight:normal; font-style:normal; }
.p1f219 { font-family:sans-serif; font-weight:normal; font-style:normal; }
.p1f220 { font-family:sans-serif; font-weight:normal; font-style:normal; }
.p1f221 { font-family:sans-serif; font-weight:normal; font-style:normal; }
.p1f222 { font-family:sans-serif; font-weight:normal; font-style:normal; }
.p1f223 { font-family:sans-serif; font-weight:normal; font-style:normal; }
.p1f224 { font-family:sans-serif; font-weight:normal; font-style:normal; }
.p1f225 { font-family:sans-serif; font-weight:normal; font-style:normal; }
.p1f226 { font-family:sans-serif; font-weight:normal; font-style:normal; }
.p1f227 { font-family:sans-serif; font-weight:normal; font-style:normal; }
.p1f228 { font-family:sans-serif; font-weight:normal; font-style:normal; }
.p1f229 { font-family:sans-serif; font-weight:normal; font-style:normal; }
.p1f230 { font-family:sans-serif; font-weight:normal; font-style:normal; }
.p1f231 { font-family:sans-serif; font-weight:normal; font-style:normal; }
.p1f232 { font-family:sans-serif; font-weight:normal; font-style:normal; }
.p1f233 { font-family:sans-serif; font-weight:normal; font-style:normal; }
.p1f234 { font-family:sans-serif; font-weight:normal; font-style:normal; }
.p1f235 { font-family:sans-serif; font-weight:normal; font-style:normal; }
.p1f236 { font-family:sans-serif; font-weight:normal; font-style:normal; }
.p1f237 { font-family:sans-serif; font-weight:normal; font-style:normal; }
.p1f238 { font-family:sans-serif; font-weight:normal; font-style:normal; }
.p1f239 { font-family:sans-serif; font-weight:normal; font-style:normal; }
.p1f240 { font-family:sans-serif; font-weight:normal; font-style:normal; }
.p1f241 { font-family:sans-serif; font-weight:normal; font-style:normal; }
.p1f242 { font-family:sans-serif; font-weight:normal; font-style:normal; }
.p1f243 { font-family:sans-serif; font-weight:normal; font-style:normal; }
.p1f244 { font-family:sans-serif; font-weight:normal; font-style:normal; }
.p1f245 { font-family:sans-serif; font-weight:normal; font-style:normal; }
.p1f246 { font-family:sans-serif; font-weight:normal; font-style:normal; }
.p1f247 { font-family:sans-serif; font-weight:normal; font-style:normal; }
.p1f248 { font-family:sans-serif; font-weight:normal; font-style:normal; }
.p1f249 { font-family:sans-serif; font-weight:normal; font-style:normal; }
.p1f250 { font-family:sans-serif; font-weight:normal; font-style:normal; }
.p1f251 { font-family:sans-serif; font-weight:normal; font-style:normal; }
.p1f252 { font-family:sans-serif; font-weight:normal; font-style:normal; }
.p1f253 { font-family:sans-serif; font-weight:normal; font-style:normal; }
.p1f254 { font-family:sans-serif; font-weight:normal; font-style:normal; }
.p1f255 { font-family:sans-serif; font-weight:normal; font-style:normal; }
.p1f256 { font-family:sans-serif; font-weight:normal; font-style:normal; }
.p1f257 { font-family:sans-serif; font-weight:normal; font-style:normal; }
.p1f258 { font-family:sans-serif; font-weight:normal; font-style:normal; }
&lt;/style&gt;
&lt;img class=&quot;background&quot; height=&quot;792&quot; id=&quot;background1&quot; src=&quot;_httpdocimg_/page1.png&quot; style=&quot;position:absolute; left:0px; top:0px;&quot; width=&quot;612&quot;&gt;
&lt;div class=&quot;txt&quot; style=&quot;position:absolute; left:166px; top:76px;&quot;&gt;&lt;span class=&quot;p1f1&quot; style=&quot;font-size:18px;vertical-align:baseline;color:rgba(0,0,0,1);&quot;&gt;Традиционални обичаи во Битола&lt;/span&gt;&lt;/div&gt;
&lt;div class=&quot;txt&quot; style=&quot;position:absolute; left:90px; top:107px;&quot;&gt;&lt;span class=&quot;p1f1&quot; style=&quot;font-size:18px;vertical-align:baseline;color:rgba(0,0,0,1);&quot;&gt;1. Тајане- бојане&lt;/span&gt;&lt;/div&gt;
&lt;div class=&quot;txt&quot; style=&quot;position:absolute; left:72px; top:138px;&quot;&gt;&lt;span class=&quot;p1f19&quot; style=&quot;font-size:12px;vertical-align:baseline;color:rgba(33,33,33,1);&quot;&gt;Со празникот Иванден е поврзан и обичајот Тајане&lt;/span&gt;&lt;span class=&quot;p1f21&quot; style=&quot;font-size:12px;vertical-align:baseline;color:rgba(33,33,33,1);&quot;&gt;-&lt;/span&gt;&lt;span class=&quot;p1f19&quot; style=&quot;font-size:12px;vertical-align:baseline;color:rgba(33,33,33,1);&quot;&gt;Бојане&lt;/span&gt;&lt;span class=&quot;p1f21&quot; style=&quot;font-size:12px;vertical-align:baseline;color:rgba(33,33,33,1);&quot;&gt;, &lt;/span&gt;&lt;span class=&quot;p1f19&quot; style=&quot;font-size:12px;vertical-align:baseline;color:rgba(33,33,33,1);&quot;&gt;што се изведувал во&lt;/span&gt;&lt;/div&gt;
&lt;div class=&quot;txt&quot; style=&quot;position:absolute; left:72px; top:158px;&quot;&gt;&lt;span class=&quot;p1f19&quot; style=&quot;font-size:12px;vertical-align:baseline;color:rgba(33,33,33,1);&quot;&gt;повеќе краишта на Македонија&lt;/span&gt;&lt;span class=&quot;p1f21&quot; style=&quot;font-size:12px;vertical-align:baseline;color:rgba(33,33,33,1);&quot;&gt;,&lt;/span&gt;&lt;span class=&quot;p1f19&quot; style=&quot;font-size:12px;vertical-align:baseline;color:rgba(33,33,33,1);&quot;&gt;меѓу кои од последните неколку и во битолско&lt;/span&gt;&lt;span class=&quot;p1f21&quot; style=&quot;font-size:12px;vertical-align:baseline;color:rgba(33,33,33,1);&quot;&gt;.&lt;/span&gt;&lt;/div&gt;
&lt;div class=&quot;txt&quot; style=&quot;position:absolute; left:72px; top:177px;&quot;&gt;&lt;span class=&quot;p1f19&quot; style=&quot;font-size:12px;vertical-align:baseline;color:rgba(33,33,33,1);&quot;&gt;Имено вечерта спроти Иванден момчиња и девојки собирале билки со кои&lt;/span&gt;&lt;/div&gt;
&lt;div class=&quot;txt&quot; style=&quot;position:absolute; left:72px; top:197px;&quot;&gt;&lt;span class=&quot;p1f19&quot; style=&quot;font-size:12px;vertical-align:baseline;color:rgba(33,33,33,1);&quot;&gt;закитувале едно ѓумче и го полнеле со вода од три чешми&lt;/span&gt;&lt;span class=&quot;p1f21&quot; style=&quot;font-size:12px;vertical-align:baseline;color:rgba(33,33,33,1);&quot;&gt;. &lt;/span&gt;&lt;span class=&quot;p1f19&quot; style=&quot;font-size:12px;vertical-align:baseline;color:rgba(33,33,33,1);&quot;&gt;Едно од нив на возраст&lt;/span&gt;&lt;/div&gt;
&lt;div class=&quot;txt&quot; style=&quot;position:absolute; left:72px; top:216px;&quot;&gt;&lt;span class=&quot;p1f19&quot; style=&quot;font-size:12px;vertical-align:baseline;color:rgba(33,33,33,1);&quot;&gt;од &lt;/span&gt;&lt;span class=&quot;p1f21&quot; style=&quot;font-size:12px;vertical-align:baseline;color:rgba(33,33,33,1);&quot;&gt;10-12 &lt;/span&gt;&lt;span class=&quot;p1f19&quot; style=&quot;font-size:12px;vertical-align:baseline;color:rgba(33,33,33,1);&quot;&gt;години го носело ѓумчето на глава и него го викале &lt;/span&gt;&lt;span class=&quot;p1f151&quot; style=&quot;font-size:12px;vertical-align:baseline;color:rgba(33,33,33,1);&quot;&gt;„&lt;/span&gt;&lt;span class=&quot;p1f19&quot; style=&quot;font-size:12px;vertical-align:baseline;color:rgba(33,33,33,1);&quot;&gt;Тајане&lt;/span&gt;&lt;span class=&quot;p1f151&quot; style=&quot;font-size:12px;vertical-align:baseline;color:rgba(33,33,33,1);&quot;&gt;“&lt;/span&gt;&lt;span class=&quot;p1f21&quot; style=&quot;font-size:12px;vertical-align:baseline;color:rgba(33,33,33,1);&quot;&gt;, &lt;/span&gt;&lt;span class=&quot;p1f19&quot; style=&quot;font-size:12px;vertical-align:baseline;color:rgba(33,33,33,1);&quot;&gt;а другите&lt;/span&gt;&lt;/div&gt;
&lt;div class=&quot;txt&quot; style=&quot;position:absolute; left:72px; top:236px;&quot;&gt;&lt;span class=&quot;p1f19&quot; style=&quot;font-size:12px;vertical-align:baseline;color:rgba(33,33,33,1);&quot;&gt;момчиња и момичиња оделе околу него и му пееле пригодни песни&lt;/span&gt;&lt;span class=&quot;p1f21&quot; style=&quot;font-size:12px;vertical-align:baseline;color:rgba(33,33,33,1);&quot;&gt;. &lt;/span&gt;&lt;span class=&quot;p1f19&quot; style=&quot;font-size:12px;vertical-align:baseline;color:rgba(33,33,33,1);&quot;&gt;Утрото&lt;/span&gt;&lt;/div&gt;
&lt;div class=&quot;txt&quot; style=&quot;position:absolute; left:72px; top:255px;&quot;&gt;&lt;span class=&quot;p1f19&quot; style=&quot;font-size:12px;vertical-align:baseline;color:rgba(33,33,33,1);&quot;&gt;групата со Тајането одела по дуќаните каде што исто така&lt;/span&gt;&lt;span class=&quot;p1f21&quot; style=&quot;font-size:12px;vertical-align:baseline;color:rgba(33,33,33,1);&quot;&gt;, &lt;/span&gt;&lt;span class=&quot;p1f19&quot; style=&quot;font-size:12px;vertical-align:baseline;color:rgba(33,33,33,1);&quot;&gt;пееле песни и собирале&lt;/span&gt;&lt;/div&gt;
&lt;div class=&quot;txt&quot; style=&quot;position:absolute; left:72px; top:275px;&quot;&gt;&lt;span class=&quot;p1f19&quot; style=&quot;font-size:12px;vertical-align:baseline;color:rgba(33,33,33,1);&quot;&gt;подароци од кои потоа правеле заедничка вечера&lt;/span&gt;&lt;span class=&quot;p1f21&quot; style=&quot;font-size:12px;vertical-align:baseline;color:rgba(33,33,33,1);&quot;&gt;. &lt;/span&gt;&lt;span class=&quot;p1f19&quot; style=&quot;font-size:12px;vertical-align:baseline;color:rgba(33,33,33,1);&quot;&gt;Притоа се пеело&lt;/span&gt;&lt;span class=&quot;p1f21&quot; style=&quot;font-size:12px;vertical-align:baseline;color:rgba(33,33,33,1);&quot;&gt;:&lt;/span&gt;&lt;/div&gt;
&lt;div class=&quot;txt&quot; style=&quot;position:absolute; left:90px; top:568px;&quot;&gt;&lt;span class=&quot;p1f9&quot; style=&quot;font-size:15px;vertical-align:baseline;color:rgba(50,50,50,1);&quot;&gt;2. &lt;/span&gt;&lt;span class=&quot;p1f1&quot; style=&quot;font-size:15px;vertical-align:baseline;color:rgba(50,50,50,1);&quot;&gt;Одбележување на Градски&lt;/span&gt;&lt;span class=&quot;p1f9&quot; style=&quot;font-size:15px;vertical-align:baseline;color:rgba(50,50,50,1);&quot;&gt;-&lt;/span&gt;&lt;span class=&quot;p1f1&quot; style=&quot;font-size:15px;vertical-align:baseline;color:rgba(50,50,50,1);&quot;&gt;селски Велигден&lt;/span&gt;&lt;/div&gt;
&lt;div class=&quot;txt&quot; style=&quot;position:absolute; left:108px; top:603px;&quot;&gt;&lt;span class=&quot;p1f19&quot; style=&quot;font-size:14px;vertical-align:baseline;color:rgba(0,0,0,1);&quot;&gt;Традиционално и годинава во Јенимаале се одбележа Градски Селски&lt;/span&gt;&lt;/div&gt;
&lt;div class=&quot;txt&quot; style=&quot;position:absolute; left:108px; top:622px;&quot;&gt;&lt;span class=&quot;p1f19&quot; style=&quot;font-size:14px;vertical-align:baseline;color:rgba(0,0,0,1);&quot;&gt;Велигден, манифестација која што има посебно значење и&lt;/span&gt;&lt;/div&gt;
&lt;div class=&quot;txt&quot; style=&quot;position:absolute; left:108px; top:642px;&quot;&gt;&lt;span class=&quot;p1f19&quot; style=&quot;font-size:14px;vertical-align:baseline;color:rgba(0,0,0,1);&quot;&gt;карактеристично одбележување во општина Битола. По пауза од две&lt;/span&gt;&lt;/div&gt;
&lt;div class=&quot;txt&quot; style=&quot;position:absolute; left:108px; top:662px;&quot;&gt;&lt;span class=&quot;p1f19&quot; style=&quot;font-size:14px;vertical-align:baseline;color:rgba(0,0,0,1);&quot;&gt;години поради кризата со Ковид&lt;/span&gt;&lt;span class=&quot;p1f245&quot; style=&quot;font-size:14px;vertical-align:baseline;color:rgba(0,0,0,1);&quot;&gt;-19, &lt;/span&gt;&lt;span class=&quot;p1f19&quot; style=&quot;font-size:14px;vertical-align:baseline;color:rgba(0,0,0,1);&quot;&gt;повторно на средсело во&lt;/span&gt;&lt;/div&gt;
&lt;div class=&quot;txt&quot; style=&quot;position:absolute; left:108px; top:681px;&quot;&gt;&lt;span class=&quot;p1f19&quot; style=&quot;font-size:14px;vertical-align:baseline;color:rgba(0,0,0,1);&quot;&gt;Јенимаале, денес се врати радоста, песната, играта, орото, смеата и&lt;/span&gt;&lt;/div&gt;
&lt;/div&gt;
&lt;/div&gt;

&lt;div id=&quot;page2&quot;&gt;
</Content>
</Section>
<Section>
  <Description>
    <Metadata name="Title">Page 2</Metadata>
  </Description>
  <Content>
&lt;div style=&quot;position: relative; height: 792px; width: 612px;&quot;&gt;&lt;style type=&quot;text/css&quot;&gt;
.txt { white-space:nowrap; }
.p2f0 { font-family:sans-serif; font-weight:normal; font-style:normal; }
.p2f1 { font-family:sans-serif; font-weight:normal; font-style:normal; }
.p2f2 { font-family:sans-serif; font-weight:normal; font-style:normal; }
.p2f3 { font-family:sans-serif; font-weight:normal; font-style:normal; }
.p2f4 { font-family:sans-serif; font-weight:normal; font-style:normal; }
.p2f5 { font-family:sans-serif; font-weight:normal; font-style:normal; }
.p2f6 { font-family:sans-serif; font-weight:normal; font-style:normal; }
.p2f7 { font-family:sans-serif; font-weight:normal; font-style:normal; }
.p2f8 { font-family:sans-serif; font-weight:normal; font-style:normal; }
.p2f9 { font-family:sans-serif; font-weight:normal; font-style:normal; }
.p2f10 { font-family:sans-serif; font-weight:normal; font-style:normal; }
.p2f11 { font-family:sans-serif; font-weight:normal; font-style:normal; }
.p2f12 { font-family:sans-serif; font-weight:normal; font-style:normal; }
.p2f13 { font-family:sans-serif; font-weight:normal; font-style:normal; }
.p2f14 { font-family:sans-serif; font-weight:normal; font-style:normal; }
.p2f15 { font-family:sans-serif; font-weight:normal; font-style:normal; }
.p2f16 { font-family:sans-serif; font-weight:normal; font-style:normal; }
.p2f17 { font-family:sans-serif; font-weight:normal; font-style:normal; }
.p2f18 { font-family:sans-serif; font-weight:normal; font-style:normal; }
.p2f19 { font-family:sans-serif; font-weight:normal; font-style:normal; }
.p2f20 { font-family:sans-serif; font-weight:normal; font-style:normal; }
.p2f21 { font-family:sans-serif; font-weight:normal; font-style:normal; }
.p2f22 { font-family:sans-serif; font-weight:normal; font-style:normal; }
.p2f23 { font-family:sans-serif; font-weight:normal; font-style:normal; }
.p2f24 { font-family:sans-serif; font-weight:normal; font-style:normal; }
.p2f25 { font-family:sans-serif; font-weight:normal; font-style:normal; }
.p2f26 { font-family:sans-serif; font-weight:normal; font-style:normal; }
.p2f27 { font-family:sans-serif; font-weight:normal; font-style:normal; }
.p2f28 { font-family:sans-serif; font-weight:normal; font-style:normal; }
.p2f29 { font-family:monospace; font-weight:normal; font-style:normal; }
.p2f30 { font-family:sans-serif; font-weight:normal; font-style:normal; }
.p2f31 { font-family:sans-serif; font-weight:normal; font-style:normal; }
.p2f32 { font-family:sans-serif; font-weight:normal; font-style:normal; }
.p2f33 { font-family:sans-serif; font-weight:normal; font-style:normal; }
.p2f34 { font-family:sans-serif; font-weight:normal; font-style:normal; }
.p2f35 { font-family:sans-serif; font-weight:normal; font-style:normal; }
.p2f36 { font-family:sans-serif; font-weight:normal; font-style:normal; }
.p2f37 { font-family:sans-serif; font-weight:normal; font-style:normal; }
.p2f38 { font-family:sans-serif; font-weight:normal; font-style:normal; }
.p2f39 { font-family:sans-serif; font-weight:normal; font-style:normal; }
&lt;/style&gt;
&lt;img class=&quot;background&quot; height=&quot;792&quot; id=&quot;background2&quot; src=&quot;_httpdocimg_/page2.png&quot; style=&quot;position:absolute; left:0px; top:0px;&quot; width=&quot;612&quot;&gt;
&lt;div class=&quot;txt&quot; style=&quot;position:absolute; left:108px; top:74px;&quot;&gt;&lt;span class=&quot;p2f1&quot; style=&quot;font-size:14px;vertical-align:baseline;color:rgba(0,0,0,1);&quot;&gt;детскиот џагор. Се пречекуваа гости, а вратите на жителите на оваа&lt;/span&gt;&lt;/div&gt;
&lt;div class=&quot;txt&quot; style=&quot;position:absolute; left:108px; top:94px;&quot;&gt;&lt;span class=&quot;p2f1&quot; style=&quot;font-size:14px;vertical-align:baseline;color:rgba(0,0,0,1);&quot;&gt;битолска населба, беа отворени за секој гостин&lt;/span&gt;&lt;span class=&quot;p2f3&quot; style=&quot;font-size:14px;vertical-align:baseline;color:rgba(0,0,0,1);&quot;&gt;-&lt;/span&gt;&lt;span class=&quot;p2f1&quot; style=&quot;font-size:14px;vertical-align:baseline;color:rgba(0,0,0,1);&quot;&gt;добронамерник.&lt;/span&gt;&lt;/div&gt;
&lt;div class=&quot;txt&quot; style=&quot;position:absolute; left:108px; top:130px;&quot;&gt;&lt;span class=&quot;p2f1&quot; style=&quot;font-size:14px;vertical-align:baseline;color:rgba(0,0,0,1);&quot;&gt;Во неделата по Велигден, на верскиот празник Источен петок&lt;/span&gt;&lt;span class=&quot;p2f3&quot; style=&quot;font-size:14px;vertical-align:baseline;color:rgba(0,0,0,1);&quot;&gt;-&lt;/span&gt;&lt;/div&gt;
&lt;div class=&quot;txt&quot; style=&quot;position:absolute; left:108px; top:150px;&quot;&gt;&lt;span class=&quot;p2f1&quot; style=&quot;font-size:14px;vertical-align:baseline;color:rgba(0,0,0,1);&quot;&gt;Балаклија, во Битола доаѓале гости од селата. Сите заедно се собирале,&lt;/span&gt;&lt;/div&gt;
&lt;div class=&quot;txt&quot; style=&quot;position:absolute; left:108px; top:170px;&quot;&gt;&lt;span class=&quot;p2f1&quot; style=&quot;font-size:14px;vertical-align:baseline;color:rgba(0,0,0,1);&quot;&gt;а песни и ора имало до раните зори. Обичајот потекнува уште од 16 век&lt;/span&gt;&lt;/div&gt;
&lt;div class=&quot;txt&quot; style=&quot;position:absolute; left:108px; top:189px;&quot;&gt;&lt;span class=&quot;p2f1&quot; style=&quot;font-size:14px;vertical-align:baseline;color:rgba(0,0,0,1);&quot;&gt;кога во градот почнало да се населува христијанско население од&lt;/span&gt;&lt;/div&gt;
&lt;div class=&quot;txt&quot; style=&quot;position:absolute; left:108px; top:209px;&quot;&gt;&lt;span class=&quot;p2f1&quot; style=&quot;font-size:14px;vertical-align:baseline;color:rgba(0,0,0,1);&quot;&gt;околните села. Градејќи ги куќите оставале широк простор кој им&lt;/span&gt;&lt;/div&gt;
&lt;div class=&quot;txt&quot; style=&quot;position:absolute; left:108px; top:229px;&quot;&gt;&lt;span class=&quot;p2f1&quot; style=&quot;font-size:14px;vertical-align:baseline;color:rgba(0,0,0,1);&quot;&gt;служел за собири. Така, Јенимаале била единствената населба во&lt;/span&gt;&lt;/div&gt;
&lt;div class=&quot;txt&quot; style=&quot;position:absolute; left:108px; top:248px;&quot;&gt;&lt;span class=&quot;p2f1&quot; style=&quot;font-size:14px;vertical-align:baseline;color:rgba(0,0,0,1);&quot;&gt;Битола со средсело. Населението кое се доселувало со себе ги носело&lt;/span&gt;&lt;/div&gt;
&lt;div class=&quot;txt&quot; style=&quot;position:absolute; left:108px; top:268px;&quot;&gt;&lt;span class=&quot;p2f1&quot; style=&quot;font-size:14px;vertical-align:baseline;color:rgba(0,0,0,1);&quot;&gt;и своите обичаи. Гостите од селата го викале градски Велигден оти&lt;/span&gt;&lt;/div&gt;
&lt;div class=&quot;txt&quot; style=&quot;position:absolute; left:108px; top:287px;&quot;&gt;&lt;span class=&quot;p2f1&quot; style=&quot;font-size:14px;vertical-align:baseline;color:rgba(0,0,0,1);&quot;&gt;оделе во градот на гости, а граѓаните го викале селски, затоа што&lt;/span&gt;&lt;/div&gt;
&lt;div class=&quot;txt&quot; style=&quot;position:absolute; left:108px; top:307px;&quot;&gt;&lt;span class=&quot;p2f1&quot; style=&quot;font-size:14px;vertical-align:baseline;color:rgba(0,0,0,1);&quot;&gt;гостите им доаѓале од селата.&lt;/span&gt;&lt;/div&gt;
&lt;/div&gt;
&lt;/div&gt;

&lt;div id=&quot;page3&quot;&gt;
</Content>
</Section>
<Section>
  <Description>
    <Metadata name="Title">Page 3</Metadata>
  </Description>
  <Content>
&lt;div style=&quot;position: relative; height: 792px; width: 612px;&quot;&gt;&lt;style type=&quot;text/css&quot;&gt;
.txt { white-space:nowrap; }
.p3f0 { font-family:sans-serif; font-weight:normal; font-style:normal; }
.p3f1 { font-family:monospace; font-weight:normal; font-style:normal; }
.p3f2 { font-family:sans-serif; font-weight:normal; font-style:normal; }
.p3f3 { font-family:sans-serif; font-weight:normal; font-style:normal; }
.p3f4 { font-family:sans-serif; font-weight:normal; font-style:normal; }
.p3f5 { font-family:sans-serif; font-weight:normal; font-style:normal; }
.p3f6 { font-family:sans-serif; font-weight:normal; font-style:normal; }
.p3f7 { font-family:sans-serif; font-weight:normal; font-style:normal; }
.p3f8 { font-family:sans-serif; font-weight:normal; font-style:normal; }
.p3f9 { font-family:sans-serif; font-weight:normal; font-style:normal; }
.p3f10 { font-family:sans-serif; font-weight:normal; font-style:normal; }
.p3f11 { font-family:sans-serif; font-weight:normal; font-style:normal; }
&lt;/style&gt;
&lt;img class=&quot;background&quot; height=&quot;792&quot; id=&quot;background3&quot; src=&quot;_httpdocimg_/page3.png&quot; style=&quot;position:absolute; left:0px; top:0px;&quot; width=&quot;612&quot;&gt;
&lt;/div&gt;
&lt;/div&gt;

&lt;div id=&quot;page4&quot;&gt;
</Content>
</Section>
<Section>
  <Description>
    <Metadata name="Title">Page 4</Metadata>
  </Description>
  <Content>
&lt;div style=&quot;position: relative; height: 792px; width: 612px;&quot;&gt;&lt;style type=&quot;text/css&quot;&gt;
.txt { white-space:nowrap; }
.p4f0 { font-family:sans-serif; font-weight:normal; font-style:normal; }
.p4f1 { font-family:sans-serif; font-weight:normal; font-style:normal; }
.p4f2 { font-family:sans-serif; font-weight:normal; font-style:normal; }
.p4f3 { font-family:monospace; font-weight:normal; font-style:normal; }
.p4f4 { font-family:sans-serif; font-weight:normal; font-style:normal; }
.p4f5 { font-family:sans-serif; font-weight:normal; font-style:normal; }
.p4f6 { font-family:sans-serif; font-weight:normal; font-style:normal; }
.p4f7 { font-family:sans-serif; font-weight:normal; font-style:normal; }
.p4f8 { font-family:sans-serif; font-weight:normal; font-style:normal; }
.p4f9 { font-family:sans-serif; font-weight:normal; font-style:normal; }
.p4f10 { font-family:sans-serif; font-weight:normal; font-style:normal; }
.p4f11 { font-family:sans-serif; font-weight:normal; font-style:normal; }
.p4f12 { font-family:sans-serif; font-weight:normal; font-style:normal; }
.p4f13 { font-family:sans-serif; font-weight:normal; font-style:normal; }
.p4f14 { font-family:sans-serif; font-weight:normal; font-style:normal; }
.p4f15 { font-family:sans-serif; font-weight:normal; font-style:normal; }
.p4f16 { font-family:sans-serif; font-weight:normal; font-style:normal; }
.p4f17 { font-family:sans-serif; font-weight:normal; font-style:normal; }
.p4f18 { font-family:sans-serif; font-weight:normal; font-style:normal; }
.p4f19 { font-family:sans-serif; font-weight:normal; font-style:normal; }
.p4f20 { font-family:monospace; font-weight:normal; font-style:normal; }
.p4f21 { font-family:sans-serif; font-weight:normal; font-style:normal; }
.p4f22 { font-family:sans-serif; font-weight:normal; font-style:normal; }
.p4f23 { font-family:sans-serif; font-weight:normal; font-style:normal; }
.p4f24 { font-family:sans-serif; font-weight:normal; font-style:normal; }
.p4f25 { font-family:sans-serif; font-weight:normal; font-style:normal; }
&lt;/style&gt;
&lt;img class=&quot;background&quot; height=&quot;792&quot; id=&quot;background4&quot; src=&quot;_httpdocimg_/page4.png&quot; style=&quot;position:absolute; left:0px; top:0px;&quot; width=&quot;612&quot;&gt;
&lt;div class=&quot;txt&quot; style=&quot;position:absolute; left:90px; top:76px;&quot;&gt;&lt;span class=&quot;p4f1&quot; style=&quot;font-size:18px;vertical-align:baseline;color:rgba(0,0,0,1);&quot;&gt;3. Коледе&lt;/span&gt;&lt;/div&gt;
&lt;div class=&quot;txt&quot; style=&quot;position:absolute; left:108px; top:97px;&quot;&gt;&lt;span class=&quot;p4f9&quot; style=&quot;font-size:14px;vertical-align:baseline;color:rgba(0,0,0,1);&quot;&gt;Секоја година на 5 јануари со традиционална манифестација на палење&lt;/span&gt;&lt;/div&gt;
&lt;div class=&quot;txt&quot; style=&quot;position:absolute; left:108px; top:116px;&quot;&gt;&lt;span class=&quot;p4f9&quot; style=&quot;font-size:14px;vertical-align:baseline;color:rgba(0,0,0,1);&quot;&gt;на голем коледарски оган, Општина Битола со свечена и богата&lt;/span&gt;&lt;/div&gt;
&lt;div class=&quot;txt&quot; style=&quot;position:absolute; left:108px; top:134px;&quot;&gt;&lt;span class=&quot;p4f9&quot; style=&quot;font-size:14px;vertical-align:baseline;color:rgba(0,0,0,1);&quot;&gt;програма го одбележува големиот христијански празник Коледе. Коледе&lt;/span&gt;&lt;/div&gt;
&lt;div class=&quot;txt&quot; style=&quot;position:absolute; left:108px; top:153px;&quot;&gt;&lt;span class=&quot;p4f9&quot; style=&quot;font-size:14px;vertical-align:baseline;color:rgba(0,0,0,1);&quot;&gt;или Бадник е денот пред раѓањето на Исус Христос, кога голем број&lt;/span&gt;&lt;/div&gt;
&lt;div class=&quot;txt&quot; style=&quot;position:absolute; left:108px; top:171px;&quot;&gt;&lt;span class=&quot;p4f9&quot; style=&quot;font-size:14px;vertical-align:baseline;color:rgba(0,0,0,1);&quot;&gt;православни верници се излезени на коледарските огнови. Покрај&lt;/span&gt;&lt;/div&gt;
&lt;div class=&quot;txt&quot; style=&quot;position:absolute; left:108px; top:190px;&quot;&gt;&lt;span class=&quot;p4f9&quot; style=&quot;font-size:14px;vertical-align:baseline;color:rgba(0,0,0,1);&quot;&gt;коледарскиот оган, Општина Битола за своите сограѓани нуди богата&lt;/span&gt;&lt;/div&gt;
&lt;div class=&quot;txt&quot; style=&quot;position:absolute; left:108px; top:208px;&quot;&gt;&lt;span class=&quot;p4f9&quot; style=&quot;font-size:14px;vertical-align:baseline;color:rgba(0,0,0,1);&quot;&gt;забавна програма и храна која беспалтно се дели на граѓаните.&lt;/span&gt;&lt;/div&gt;
&lt;/div&gt;
&lt;/div&gt;

</Content>
</Section>
</Section>
</Archive>
