<?xml version="1.0" encoding="utf-8" standalone="no"?>
<!DOCTYPE Archive SYSTEM "http://greenstone.org/dtd/Archive/1.0/Archive.dtd">
<Archive>
<Section>
  <Description>
    <Metadata name="gsdldoctype">indexed_doc</Metadata>
    <Metadata name="Language">en</Metadata>
    <Metadata name="Encoding">utf8</Metadata>
    <Metadata name="URL">http://C:/Users/Maja/Greenstone3/web/sites/localsite/collect/kulturno/tmp/1687177856/99.Stara Bitolska Charshija.html</Metadata>
    <Metadata name="UTF8URL">http://C:/Users/Maja/Greenstone3/web/sites/localsite/collect/kulturno/tmp/1687177856/99.Stara Bitolska Charshija.html</Metadata>
    <Metadata name="Title">99.Stara Bitolska Charshija</Metadata>
    <Metadata name="gsdlsourcefilename">import\99.Stara Bitolska Charshija.pdf</Metadata>
    <Metadata name="gsdlsourcefilerenamemethod">url</Metadata>
    <Metadata name="gsdlconvertedfilename">tmp\1687177856\99.Stara Bitolska Charshija.html</Metadata>
    <Metadata name="OrigSource">99.Stara Bitolska Charshija.html</Metadata>
    <Metadata name="Source">99.Stara Bitolska Charshija.pdf</Metadata>
    <Metadata name="SourceFile">99.Stara Bitolska Charshija.pdf</Metadata>
    <Metadata name="Plugin">PDFv2Plugin</Metadata>
    <Metadata name="FileSize">109858</Metadata>
    <Metadata name="FilenameRoot">99.Stara Bitolska Charshija</Metadata>
    <Metadata name="FileFormat">PDF</Metadata>
    <Metadata name="srcicon">_iconpdf_</Metadata>
    <Metadata name="srclink_file">doc.pdf</Metadata>
    <Metadata name="srclinkFile">doc.pdf</Metadata>
    <Metadata name="Identifier">HASH0a455a33cd858853ec1ac6</Metadata>
    <Metadata name="lastmodified">1687173382</Metadata>
    <Metadata name="lastmodifieddate">20230619</Metadata>
    <Metadata name="oailastmodified">1687177857</Metadata>
    <Metadata name="oailastmodifieddate">20230619</Metadata>
    <Metadata name="assocfilepath">HASH0a45.dir</Metadata>
    <Metadata name="gsdlassocfile">page1.png:image/png:</Metadata>
    <Metadata name="gsdlassocfile">page2.png:image/png:</Metadata>
    <Metadata name="gsdlassocfile">doc.pdf:application/pdf:</Metadata>
  </Description>
  <Content>



&lt;div id=&quot;page1&quot;&gt;
</Content>
<Section>
  <Description>
    <Metadata name="Title">Page 1</Metadata>
  </Description>
  <Content>
&lt;div style=&quot;position: relative; height: 792px; width: 612px;&quot;&gt;&lt;style type=&quot;text/css&quot;&gt;
.txt { white-space:nowrap; }
.p1f0 { font-family:sans-serif; font-weight:normal; font-style:normal; }
.p1f1 { font-family:sans-serif; font-weight:normal; font-style:normal; }
.p1f2 { font-family:sans-serif; font-weight:normal; font-style:normal; }
.p1f3 { font-family:sans-serif; font-weight:normal; font-style:normal; }
.p1f4 { font-family:sans-serif; font-weight:normal; font-style:normal; }
.p1f5 { font-family:sans-serif; font-weight:normal; font-style:normal; }
.p1f6 { font-family:sans-serif; font-weight:normal; font-style:normal; }
.p1f7 { font-family:sans-serif; font-weight:normal; font-style:normal; }
.p1f8 { font-family:sans-serif; font-weight:normal; font-style:normal; }
.p1f9 { font-family:sans-serif; font-weight:normal; font-style:normal; }
.p1f10 { font-family:sans-serif; font-weight:normal; font-style:normal; }
.p1f11 { font-family:sans-serif; font-weight:normal; font-style:normal; }
.p1f12 { font-family:sans-serif; font-weight:normal; font-style:normal; }
.p1f13 { font-family:sans-serif; font-weight:normal; font-style:normal; }
.p1f14 { font-family:sans-serif; font-weight:normal; font-style:normal; }
.p1f15 { font-family:sans-serif; font-weight:normal; font-style:normal; }
.p1f16 { font-family:sans-serif; font-weight:normal; font-style:normal; }
.p1f17 { font-family:sans-serif; font-weight:normal; font-style:normal; }
.p1f18 { font-family:sans-serif; font-weight:normal; font-style:normal; }
.p1f19 { font-family:sans-serif; font-weight:normal; font-style:normal; }
.p1f20 { font-family:sans-serif; font-weight:normal; font-style:normal; }
.p1f21 { font-family:sans-serif; font-weight:normal; font-style:normal; }
.p1f22 { font-family:sans-serif; font-weight:normal; font-style:normal; }
.p1f23 { font-family:sans-serif; font-weight:normal; font-style:normal; }
.p1f24 { font-family:sans-serif; font-weight:normal; font-style:normal; }
.p1f25 { font-family:sans-serif; font-weight:normal; font-style:normal; }
.p1f26 { font-family:sans-serif; font-weight:normal; font-style:normal; }
.p1f27 { font-family:sans-serif; font-weight:normal; font-style:normal; }
.p1f28 { font-family:sans-serif; font-weight:normal; font-style:normal; }
.p1f29 { font-family:sans-serif; font-weight:normal; font-style:normal; }
.p1f30 { font-family:sans-serif; font-weight:normal; font-style:normal; }
.p1f31 { font-family:sans-serif; font-weight:normal; font-style:normal; }
.p1f32 { font-family:sans-serif; font-weight:normal; font-style:normal; }
.p1f33 { font-family:sans-serif; font-weight:normal; font-style:normal; }
.p1f34 { font-family:sans-serif; font-weight:normal; font-style:normal; }
.p1f35 { font-family:sans-serif; font-weight:normal; font-style:normal; }
.p1f36 { font-family:sans-serif; font-weight:normal; font-style:normal; }
.p1f37 { font-family:sans-serif; font-weight:normal; font-style:normal; }
.p1f38 { font-family:sans-serif; font-weight:normal; font-style:normal; }
.p1f39 { font-family:sans-serif; font-weight:normal; font-style:normal; }
.p1f40 { font-family:sans-serif; font-weight:normal; font-style:normal; }
.p1f41 { font-family:sans-serif; font-weight:normal; font-style:normal; }
.p1f42 { font-family:sans-serif; font-weight:normal; font-style:normal; }
.p1f43 { font-family:sans-serif; font-weight:normal; font-style:normal; }
.p1f44 { font-family:sans-serif; font-weight:normal; font-style:normal; }
.p1f45 { font-family:sans-serif; font-weight:normal; font-style:normal; }
.p1f46 { font-family:sans-serif; font-weight:normal; font-style:normal; }
.p1f47 { font-family:sans-serif; font-weight:normal; font-style:normal; }
.p1f48 { font-family:sans-serif; font-weight:normal; font-style:normal; }
.p1f49 { font-family:sans-serif; font-weight:normal; font-style:normal; }
.p1f50 { font-family:sans-serif; font-weight:normal; font-style:normal; }
.p1f51 { font-family:sans-serif; font-weight:normal; font-style:normal; }
.p1f52 { font-family:sans-serif; font-weight:normal; font-style:normal; }
.p1f53 { font-family:sans-serif; font-weight:normal; font-style:normal; }
.p1f54 { font-family:sans-serif; font-weight:normal; font-style:normal; }
.p1f55 { font-family:sans-serif; font-weight:normal; font-style:normal; }
.p1f56 { font-family:sans-serif; font-weight:normal; font-style:normal; }
.p1f57 { font-family:sans-serif; font-weight:normal; font-style:normal; }
.p1f58 { font-family:sans-serif; font-weight:normal; font-style:normal; }
.p1f59 { font-family:sans-serif; font-weight:normal; font-style:normal; }
.p1f60 { font-family:sans-serif; font-weight:normal; font-style:normal; }
.p1f61 { font-family:sans-serif; font-weight:normal; font-style:normal; }
.p1f62 { font-family:sans-serif; font-weight:normal; font-style:normal; }
.p1f63 { font-family:sans-serif; font-weight:normal; font-style:normal; }
.p1f64 { font-family:sans-serif; font-weight:normal; font-style:normal; }
.p1f65 { font-family:sans-serif; font-weight:normal; font-style:normal; }
.p1f66 { font-family:sans-serif; font-weight:normal; font-style:normal; }
.p1f67 { font-family:sans-serif; font-weight:normal; font-style:normal; }
.p1f68 { font-family:sans-serif; font-weight:normal; font-style:normal; }
.p1f69 { font-family:sans-serif; font-weight:normal; font-style:normal; }
.p1f70 { font-family:sans-serif; font-weight:normal; font-style:normal; }
.p1f71 { font-family:sans-serif; font-weight:normal; font-style:normal; }
.p1f72 { font-family:sans-serif; font-weight:normal; font-style:normal; }
.p1f73 { font-family:sans-serif; font-weight:normal; font-style:normal; }
.p1f74 { font-family:sans-serif; font-weight:normal; font-style:normal; }
.p1f75 { font-family:sans-serif; font-weight:normal; font-style:normal; }
.p1f76 { font-family:sans-serif; font-weight:normal; font-style:normal; }
.p1f77 { font-family:sans-serif; font-weight:normal; font-style:normal; }
.p1f78 { font-family:sans-serif; font-weight:normal; font-style:normal; }
.p1f79 { font-family:sans-serif; font-weight:normal; font-style:normal; }
.p1f80 { font-family:sans-serif; font-weight:normal; font-style:normal; }
.p1f81 { font-family:sans-serif; font-weight:normal; font-style:normal; }
.p1f82 { font-family:sans-serif; font-weight:normal; font-style:normal; }
.p1f83 { font-family:sans-serif; font-weight:normal; font-style:normal; }
.p1f84 { font-family:sans-serif; font-weight:normal; font-style:normal; }
.p1f85 { font-family:sans-serif; font-weight:normal; font-style:normal; }
.p1f86 { font-family:sans-serif; font-weight:normal; font-style:normal; }
.p1f87 { font-family:sans-serif; font-weight:normal; font-style:normal; }
.p1f88 { font-family:sans-serif; font-weight:normal; font-style:normal; }
.p1f89 { font-family:sans-serif; font-weight:normal; font-style:normal; }
.p1f90 { font-family:sans-serif; font-weight:normal; font-style:normal; }
.p1f91 { font-family:sans-serif; font-weight:normal; font-style:normal; }
.p1f92 { font-family:sans-serif; font-weight:normal; font-style:normal; }
.p1f93 { font-family:sans-serif; font-weight:normal; font-style:normal; }
.p1f94 { font-family:sans-serif; font-weight:normal; font-style:normal; }
.p1f95 { font-family:sans-serif; font-weight:normal; font-style:normal; }
.p1f96 { font-family:sans-serif; font-weight:normal; font-style:normal; }
.p1f97 { font-family:sans-serif; font-weight:normal; font-style:normal; }
.p1f98 { font-family:sans-serif; font-weight:normal; font-style:normal; }
.p1f99 { font-family:sans-serif; font-weight:normal; font-style:normal; }
.p1f100 { font-family:sans-serif; font-weight:normal; font-style:normal; }
.p1f101 { font-family:sans-serif; font-weight:normal; font-style:normal; }
.p1f102 { font-family:sans-serif; font-weight:normal; font-style:normal; }
.p1f103 { font-family:sans-serif; font-weight:normal; font-style:normal; }
.p1f104 { font-family:sans-serif; font-weight:normal; font-style:normal; }
.p1f105 { font-family:sans-serif; font-weight:normal; font-style:normal; }
.p1f106 { font-family:sans-serif; font-weight:normal; font-style:normal; }
.p1f107 { font-family:sans-serif; font-weight:normal; font-style:normal; }
.p1f108 { font-family:sans-serif; font-weight:normal; font-style:normal; }
.p1f109 { font-family:sans-serif; font-weight:normal; font-style:normal; }
.p1f110 { font-family:sans-serif; font-weight:normal; font-style:normal; }
.p1f111 { font-family:sans-serif; font-weight:normal; font-style:normal; }
.p1f112 { font-family:sans-serif; font-weight:normal; font-style:normal; }
.p1f113 { font-family:sans-serif; font-weight:normal; font-style:normal; }
.p1f114 { font-family:sans-serif; font-weight:normal; font-style:normal; }
.p1f115 { font-family:sans-serif; font-weight:normal; font-style:normal; }
.p1f116 { font-family:sans-serif; font-weight:normal; font-style:normal; }
.p1f117 { font-family:sans-serif; font-weight:normal; font-style:normal; }
.p1f118 { font-family:sans-serif; font-weight:normal; font-style:normal; }
.p1f119 { font-family:sans-serif; font-weight:normal; font-style:normal; }
.p1f120 { font-family:sans-serif; font-weight:normal; font-style:normal; }
.p1f121 { font-family:sans-serif; font-weight:normal; font-style:normal; }
.p1f122 { font-family:sans-serif; font-weight:normal; font-style:normal; }
.p1f123 { font-family:sans-serif; font-weight:normal; font-style:normal; }
.p1f124 { font-family:sans-serif; font-weight:normal; font-style:normal; }
.p1f125 { font-family:sans-serif; font-weight:normal; font-style:normal; }
.p1f126 { font-family:sans-serif; font-weight:normal; font-style:normal; }
.p1f127 { font-family:sans-serif; font-weight:normal; font-style:normal; }
.p1f128 { font-family:sans-serif; font-weight:normal; font-style:normal; }
.p1f129 { font-family:sans-serif; font-weight:normal; font-style:normal; }
.p1f130 { font-family:sans-serif; font-weight:normal; font-style:normal; }
.p1f131 { font-family:sans-serif; font-weight:normal; font-style:normal; }
.p1f132 { font-family:sans-serif; font-weight:normal; font-style:normal; }
.p1f133 { font-family:sans-serif; font-weight:normal; font-style:normal; }
.p1f134 { font-family:sans-serif; font-weight:normal; font-style:normal; }
.p1f135 { font-family:sans-serif; font-weight:normal; font-style:normal; }
.p1f136 { font-family:sans-serif; font-weight:normal; font-style:normal; }
.p1f137 { font-family:sans-serif; font-weight:normal; font-style:normal; }
.p1f138 { font-family:sans-serif; font-weight:normal; font-style:normal; }
.p1f139 { font-family:sans-serif; font-weight:normal; font-style:normal; }
.p1f140 { font-family:sans-serif; font-weight:normal; font-style:normal; }
.p1f141 { font-family:sans-serif; font-weight:normal; font-style:normal; }
.p1f142 { font-family:sans-serif; font-weight:normal; font-style:normal; }
.p1f143 { font-family:sans-serif; font-weight:normal; font-style:normal; }
&lt;/style&gt;
&lt;img class=&quot;background&quot; height=&quot;792&quot; id=&quot;background1&quot; src=&quot;_httpdocimg_/page1.png&quot; style=&quot;position:absolute; left:0px; top:0px;&quot; width=&quot;612&quot;&gt;
&lt;div class=&quot;txt&quot; style=&quot;position:absolute; left:228px; top:75px;&quot;&gt;&lt;span class=&quot;p1f1&quot; style=&quot;font-size:14px;vertical-align:baseline;color:rgba(0,0,0,1);&quot;&gt;СТАРА БИТОЛСКА ЧАРШИЈА&lt;/span&gt;&lt;/div&gt;
&lt;div class=&quot;txt&quot; style=&quot;position:absolute; left:72px; top:101px;&quot;&gt;&lt;span class=&quot;p1f5&quot; style=&quot;font-size:14px;vertical-align:baseline;color:rgba(0,0,0,1);&quot;&gt;Стара битолска чаршија &lt;/span&gt;&lt;span class=&quot;p1f1&quot; style=&quot;font-size:14px;vertical-align:baseline;color:rgba(0,0,0,1);&quot;&gt;— чаршија сместена северно од центарот на&lt;/span&gt;&lt;/div&gt;
&lt;div class=&quot;txt&quot; style=&quot;position:absolute; left:72px; top:120px;&quot;&gt;&lt;span class=&quot;p1f1&quot; style=&quot;font-size:14px;vertical-align:baseline;color:rgba(0,0,0,1);&quot;&gt;градот. Овој дел од градот чува бројни куќи со традиционална турска&lt;/span&gt;&lt;/div&gt;
&lt;div class=&quot;txt&quot; style=&quot;position:absolute; left:72px; top:138px;&quot;&gt;&lt;span class=&quot;p1f1&quot; style=&quot;font-size:14px;vertical-align:baseline;color:rgba(0,0,0,1);&quot;&gt;архитектура како и бројни споменици, како џамии и амами, од отоманската&lt;/span&gt;&lt;/div&gt;
&lt;div class=&quot;txt&quot; style=&quot;position:absolute; left:72px; top:157px;&quot;&gt;&lt;span class=&quot;p1f1&quot; style=&quot;font-size:14px;vertical-align:baseline;color:rgba(0,0,0,1);&quot;&gt;епоха. Иако со времето чаршијата се намалувала, таа сепак ја задржала&lt;/span&gt;&lt;/div&gt;
&lt;div class=&quot;txt&quot; style=&quot;position:absolute; left:72px; top:175px;&quot;&gt;&lt;span class=&quot;p1f1&quot; style=&quot;font-size:14px;vertical-align:baseline;color:rgba(0,0,0,1);&quot;&gt;својата изворна трговска активност&lt;/span&gt;&lt;/div&gt;
&lt;div class=&quot;txt&quot; style=&quot;position:absolute; left:72px; top:202px;&quot;&gt;&lt;span class=&quot;p1f1&quot; style=&quot;font-size:14px;vertical-align:baseline;color:rgba(0,0,0,1);&quot;&gt;Старата чаршија се наоѓа на северниот брег на Драгор, реката која поминува&lt;/span&gt;&lt;/div&gt;
&lt;div class=&quot;txt&quot; style=&quot;position:absolute; left:72px; top:220px;&quot;&gt;&lt;span class=&quot;p1f1&quot; style=&quot;font-size:14px;vertical-align:baseline;color:rgba(0,0,0,1);&quot;&gt;низ Битола. Таа е наспроти јужниот дел од центарот на градот, изграден&lt;/span&gt;&lt;/div&gt;
&lt;div class=&quot;txt&quot; style=&quot;position:absolute; left:72px; top:239px;&quot;&gt;&lt;span class=&quot;p1f1&quot; style=&quot;font-size:14px;vertical-align:baseline;color:rgba(0,0,0,1);&quot;&gt;во XIX век и со типична средноевропска архитектура. Чаршијата се&lt;/span&gt;&lt;/div&gt;
&lt;div class=&quot;txt&quot; style=&quot;position:absolute; left:72px; top:258px;&quot;&gt;&lt;span class=&quot;p1f1&quot; style=&quot;font-size:14px;vertical-align:baseline;color:rgba(0,0,0,1);&quot;&gt;карактеризира со сплет на улички со ниски куќи кои јасно се идентификуваат&lt;/span&gt;&lt;/div&gt;
&lt;div class=&quot;txt&quot; style=&quot;position:absolute; left:72px; top:276px;&quot;&gt;&lt;span class=&quot;p1f1&quot; style=&quot;font-size:14px;vertical-align:baseline;color:rgba(0,0,0,1);&quot;&gt;во урбаниот пејзаж на Битола. Некогаш чаршијата била доста поголема, но&lt;/span&gt;&lt;/div&gt;
&lt;div class=&quot;txt&quot; style=&quot;position:absolute; left:72px; top:295px;&quot;&gt;&lt;span class=&quot;p1f1&quot; style=&quot;font-size:14px;vertical-align:baseline;color:rgba(0,0,0,1);&quot;&gt;била рушена за да се направи место за модерни градби, па одредени&lt;/span&gt;&lt;/div&gt;
&lt;div class=&quot;txt&quot; style=&quot;position:absolute; left:72px; top:313px;&quot;&gt;&lt;span class=&quot;p1f1&quot; style=&quot;font-size:14px;vertical-align:baseline;color:rgba(0,0,0,1);&quot;&gt;споменици, како Ајдар-кади џамијата, денес се наоѓа на нејзината периферија&lt;/span&gt;&lt;/div&gt;
&lt;div class=&quot;txt&quot; style=&quot;position:absolute; left:72px; top:340px;&quot;&gt;&lt;span class=&quot;p1f1&quot; style=&quot;font-size:14px;vertical-align:baseline;color:rgba(0,0,0,1);&quot;&gt;Битола станала вистински град после отоманското освојување во XIV век. Се&lt;/span&gt;&lt;/div&gt;
&lt;div class=&quot;txt&quot; style=&quot;position:absolute; left:72px; top:358px;&quot;&gt;&lt;span class=&quot;p1f1&quot; style=&quot;font-size:14px;vertical-align:baseline;color:rgba(0,0,0,1);&quot;&gt;населува бројно турско население кое тргува особено со волна и кожа.&lt;/span&gt;&lt;/div&gt;
&lt;div class=&quot;txt&quot; style=&quot;position:absolute; left:72px; top:377px;&quot;&gt;&lt;span class=&quot;p1f1&quot; style=&quot;font-size:14px;vertical-align:baseline;color:rgba(0,0,0,1);&quot;&gt;Повеќето од јавните градби во чаршијата се изградени во &lt;/span&gt;&lt;span class=&quot;p1f3&quot; style=&quot;font-size:14px;vertical-align:baseline;color:rgba(0,0,0,1);&quot;&gt;XV &lt;/span&gt;&lt;span class=&quot;p1f1&quot; style=&quot;font-size:14px;vertical-align:baseline;color:rgba(0,0,0,1);&quot;&gt;и XVI век од&lt;/span&gt;&lt;/div&gt;
&lt;div class=&quot;txt&quot; style=&quot;position:absolute; left:72px; top:395px;&quot;&gt;&lt;span class=&quot;p1f1&quot; style=&quot;font-size:14px;vertical-align:baseline;color:rgba(0,0,0,1);&quot;&gt;локални достоинственици&lt;/span&gt;&lt;span class=&quot;p1f3&quot; style=&quot;font-size:14px;vertical-align:baseline;color:rgba(0,0,0,1);&quot;&gt;.&lt;/span&gt;&lt;/div&gt;
&lt;div class=&quot;txt&quot; style=&quot;position:absolute; left:72px; top:420px;&quot;&gt;&lt;span class=&quot;p1f1&quot; style=&quot;font-size:14px;vertical-align:baseline;color:rgba(0,0,0,1);&quot;&gt;Според венециски трговец, кој поминал во &lt;/span&gt;&lt;span class=&quot;p1f3&quot; style=&quot;font-size:14px;vertical-align:baseline;color:rgba(0,0,0,1);&quot;&gt;1591 &lt;/span&gt;&lt;span class=&quot;p1f1&quot; style=&quot;font-size:14px;vertical-align:baseline;color:rgba(0,0,0,1);&quot;&gt;година, чаршијата веќе&lt;/span&gt;&lt;/div&gt;
&lt;div class=&quot;txt&quot; style=&quot;position:absolute; left:72px; top:438px;&quot;&gt;&lt;span class=&quot;p1f1&quot; style=&quot;font-size:14px;vertical-align:baseline;color:rgba(0,0,0,1);&quot;&gt;има безистен и караван&lt;/span&gt;&lt;span class=&quot;p1f3&quot; style=&quot;font-size:14px;vertical-align:baseline;color:rgba(0,0,0,1);&quot;&gt;-&lt;/span&gt;&lt;span class=&quot;p1f1&quot; style=&quot;font-size:14px;vertical-align:baseline;color:rgba(0,0,0,1);&quot;&gt;сарај. Отоманскиот патописец од XVII век&lt;/span&gt;&lt;span class=&quot;p1f3&quot; style=&quot;font-size:14px;vertical-align:baseline;color:rgba(0,0,0,1);&quot;&gt;, &lt;/span&gt;&lt;span class=&quot;p1f1&quot; style=&quot;font-size:14px;vertical-align:baseline;color:rgba(0,0,0,1);&quot;&gt;Евлија&lt;/span&gt;&lt;/div&gt;
&lt;div class=&quot;txt&quot; style=&quot;position:absolute; left:72px; top:457px;&quot;&gt;&lt;span class=&quot;p1f1&quot; style=&quot;font-size:14px;vertical-align:baseline;color:rgba(0,0,0,1);&quot;&gt;Челебија, зборува за 3.000 куќи, 900 продавници, 40 чајџилници, безистен&lt;/span&gt;&lt;/div&gt;
&lt;div class=&quot;txt&quot; style=&quot;position:absolute; left:72px; top:475px;&quot;&gt;&lt;span class=&quot;p1f1&quot; style=&quot;font-size:14px;vertical-align:baseline;color:rgba(0,0,0,1);&quot;&gt;затворен со железни порти и други бројни јавни градби. Во тоа време, Битола&lt;/span&gt;&lt;/div&gt;
&lt;div class=&quot;txt&quot; style=&quot;position:absolute; left:72px; top:494px;&quot;&gt;&lt;span class=&quot;p1f1&quot; style=&quot;font-size:14px;vertical-align:baseline;color:rgba(0,0,0,1);&quot;&gt;броела околу 70 џамии&lt;/span&gt;&lt;span class=&quot;p1f3&quot; style=&quot;font-size:14px;vertical-align:baseline;color:rgba(0,0,0,1);&quot;&gt;.&lt;/span&gt;&lt;/div&gt;
&lt;div class=&quot;txt&quot; style=&quot;position:absolute; left:72px; top:518px;&quot;&gt;&lt;span class=&quot;p1f1&quot; style=&quot;font-size:14px;vertical-align:baseline;color:rgba(0,0,0,1);&quot;&gt;Трговската активност на градот била многу намалена со Втората австриско&lt;/span&gt;&lt;span class=&quot;p1f3&quot; style=&quot;font-size:14px;vertical-align:baseline;color:rgba(0,0,0,1);&quot;&gt;-&lt;/span&gt;&lt;/div&gt;
&lt;div class=&quot;txt&quot; style=&quot;position:absolute; left:72px; top:537px;&quot;&gt;&lt;span class=&quot;p1f1&quot; style=&quot;font-size:14px;vertical-align:baseline;color:rgba(0,0,0,1);&quot;&gt;турска војна која се одвивалa од &lt;/span&gt;&lt;span class=&quot;p1f3&quot; style=&quot;font-size:14px;vertical-align:baseline;color:rgba(0,0,0,1);&quot;&gt;1683 &lt;/span&gt;&lt;span class=&quot;p1f1&quot; style=&quot;font-size:14px;vertical-align:baseline;color:rgba(0,0,0,1);&quot;&gt;до &lt;/span&gt;&lt;span class=&quot;p1f3&quot; style=&quot;font-size:14px;vertical-align:baseline;color:rgba(0,0,0,1);&quot;&gt;1689 &lt;/span&gt;&lt;span class=&quot;p1f1&quot; style=&quot;font-size:14px;vertical-align:baseline;color:rgba(0,0,0,1);&quot;&gt;година. Трговијата нагло&lt;/span&gt;&lt;/div&gt;
&lt;div class=&quot;txt&quot; style=&quot;position:absolute; left:72px; top:555px;&quot;&gt;&lt;span class=&quot;p1f1&quot; style=&quot;font-size:14px;vertical-align:baseline;color:rgba(0,0,0,1);&quot;&gt;опаѓа&lt;/span&gt;&lt;span class=&quot;p1f3&quot; style=&quot;font-size:14px;vertical-align:baseline;color:rgba(0,0,0,1);&quot;&gt;. &lt;/span&gt;&lt;span class=&quot;p1f1&quot; style=&quot;font-size:14px;vertical-align:baseline;color:rgba(0,0,0,1);&quot;&gt;Требало да се чека почетокот на XIX век за Битола повторно да го&lt;/span&gt;&lt;/div&gt;
&lt;div class=&quot;txt&quot; style=&quot;position:absolute; left:72px; top:574px;&quot;&gt;&lt;span class=&quot;p1f1&quot; style=&quot;font-size:14px;vertical-align:baseline;color:rgba(0,0,0,1);&quot;&gt;најде своето место како голем трговски центар&lt;/span&gt;&lt;span class=&quot;p1f3&quot; style=&quot;font-size:14px;vertical-align:baseline;color:rgba(0,0,0,1);&quot;&gt;. &lt;/span&gt;&lt;span class=&quot;p1f1&quot; style=&quot;font-size:14px;vertical-align:baseline;color:rgba(0,0,0,1);&quot;&gt;Вклучувањето на странски&lt;/span&gt;&lt;/div&gt;
&lt;div class=&quot;txt&quot; style=&quot;position:absolute; left:72px; top:592px;&quot;&gt;&lt;span class=&quot;p1f1&quot; style=&quot;font-size:14px;vertical-align:baseline;color:rgba(0,0,0,1);&quot;&gt;сили во трговијата и регионалната политика овозможуваат отворање на нови&lt;/span&gt;&lt;/div&gt;
&lt;div class=&quot;txt&quot; style=&quot;position:absolute; left:72px; top:611px;&quot;&gt;&lt;span class=&quot;p1f1&quot; style=&quot;font-size:14px;vertical-align:baseline;color:rgba(0,0,0,1);&quot;&gt;пазари, и чаршијата малку по малку го губи својот статус за нервен центар на&lt;/span&gt;&lt;/div&gt;
&lt;div class=&quot;txt&quot; style=&quot;position:absolute; left:72px; top:629px;&quot;&gt;&lt;span class=&quot;p1f1&quot; style=&quot;font-size:14px;vertical-align:baseline;color:rgba(0,0,0,1);&quot;&gt;градот за сметка на новите делови изградени јужно од неа.&lt;/span&gt;&lt;/div&gt;
&lt;div class=&quot;txt&quot; style=&quot;position:absolute; left:72px; top:654px;&quot;&gt;&lt;span class=&quot;p1f1&quot; style=&quot;font-size:14px;vertical-align:baseline;color:rgba(0,0,0,1);&quot;&gt;Во врвот на својата активност чаршијата броела триесетина разни пазари,&lt;/span&gt;&lt;/div&gt;
&lt;div class=&quot;txt&quot; style=&quot;position:absolute; left:72px; top:672px;&quot;&gt;&lt;span class=&quot;p1f1&quot; style=&quot;font-size:14px;vertical-align:baseline;color:rgba(0,0,0,1);&quot;&gt;како Овчи Пазар, Дрвен Пазар, Маст Пазар, Житен Пазар, Ат Пазар, Сточен&lt;/span&gt;&lt;/div&gt;
&lt;/div&gt;
&lt;/div&gt;

&lt;div id=&quot;page2&quot;&gt;
</Content>
</Section>
<Section>
  <Description>
    <Metadata name="Title">Page 2</Metadata>
  </Description>
  <Content>
&lt;div style=&quot;position: relative; height: 792px; width: 612px;&quot;&gt;&lt;style type=&quot;text/css&quot;&gt;
.txt { white-space:nowrap; }
.p2f0 { font-family:sans-serif; font-weight:normal; font-style:normal; }
.p2f1 { font-family:sans-serif; font-weight:normal; font-style:normal; }
.p2f2 { font-family:sans-serif; font-weight:normal; font-style:normal; }
.p2f3 { font-family:sans-serif; font-weight:normal; font-style:normal; }
.p2f4 { font-family:sans-serif; font-weight:normal; font-style:normal; }
.p2f5 { font-family:sans-serif; font-weight:normal; font-style:normal; }
.p2f6 { font-family:sans-serif; font-weight:normal; font-style:normal; }
.p2f7 { font-family:sans-serif; font-weight:normal; font-style:normal; }
.p2f8 { font-family:sans-serif; font-weight:normal; font-style:normal; }
.p2f9 { font-family:sans-serif; font-weight:normal; font-style:normal; }
.p2f10 { font-family:sans-serif; font-weight:normal; font-style:normal; }
.p2f11 { font-family:sans-serif; font-weight:normal; font-style:normal; }
.p2f12 { font-family:sans-serif; font-weight:normal; font-style:normal; }
.p2f13 { font-family:sans-serif; font-weight:normal; font-style:normal; }
.p2f14 { font-family:sans-serif; font-weight:normal; font-style:normal; }
.p2f15 { font-family:sans-serif; font-weight:normal; font-style:normal; }
.p2f16 { font-family:sans-serif; font-weight:normal; font-style:normal; }
.p2f17 { font-family:sans-serif; font-weight:normal; font-style:normal; }
.p2f18 { font-family:sans-serif; font-weight:normal; font-style:normal; }
.p2f19 { font-family:sans-serif; font-weight:normal; font-style:normal; }
.p2f20 { font-family:sans-serif; font-weight:normal; font-style:normal; }
.p2f21 { font-family:sans-serif; font-weight:normal; font-style:normal; }
.p2f22 { font-family:sans-serif; font-weight:normal; font-style:normal; }
.p2f23 { font-family:sans-serif; font-weight:normal; font-style:normal; }
.p2f24 { font-family:sans-serif; font-weight:normal; font-style:normal; }
.p2f25 { font-family:sans-serif; font-weight:normal; font-style:normal; }
.p2f26 { font-family:sans-serif; font-weight:normal; font-style:normal; }
.p2f27 { font-family:sans-serif; font-weight:normal; font-style:normal; }
.p2f28 { font-family:sans-serif; font-weight:normal; font-style:normal; }
.p2f29 { font-family:sans-serif; font-weight:normal; font-style:normal; }
.p2f30 { font-family:sans-serif; font-weight:normal; font-style:normal; }
.p2f31 { font-family:sans-serif; font-weight:normal; font-style:normal; }
.p2f32 { font-family:sans-serif; font-weight:normal; font-style:normal; }
.p2f33 { font-family:sans-serif; font-weight:normal; font-style:normal; }
.p2f34 { font-family:sans-serif; font-weight:normal; font-style:normal; }
.p2f35 { font-family:sans-serif; font-weight:normal; font-style:normal; }
.p2f36 { font-family:sans-serif; font-weight:normal; font-style:normal; }
.p2f37 { font-family:sans-serif; font-weight:normal; font-style:normal; }
.p2f38 { font-family:sans-serif; font-weight:normal; font-style:normal; }
.p2f39 { font-family:sans-serif; font-weight:normal; font-style:normal; }
.p2f40 { font-family:sans-serif; font-weight:normal; font-style:normal; }
.p2f41 { font-family:sans-serif; font-weight:normal; font-style:normal; }
.p2f42 { font-family:sans-serif; font-weight:normal; font-style:normal; }
.p2f43 { font-family:sans-serif; font-weight:normal; font-style:normal; }
.p2f44 { font-family:sans-serif; font-weight:normal; font-style:normal; }
.p2f45 { font-family:sans-serif; font-weight:normal; font-style:normal; }
.p2f46 { font-family:sans-serif; font-weight:normal; font-style:normal; }
.p2f47 { font-family:sans-serif; font-weight:normal; font-style:normal; }
.p2f48 { font-family:sans-serif; font-weight:normal; font-style:normal; }
.p2f49 { font-family:sans-serif; font-weight:normal; font-style:normal; }
.p2f50 { font-family:sans-serif; font-weight:normal; font-style:normal; }
.p2f51 { font-family:sans-serif; font-weight:normal; font-style:normal; }
.p2f52 { font-family:sans-serif; font-weight:normal; font-style:normal; }
.p2f53 { font-family:sans-serif; font-weight:normal; font-style:normal; }
.p2f54 { font-family:sans-serif; font-weight:normal; font-style:normal; }
.p2f55 { font-family:sans-serif; font-weight:normal; font-style:normal; }
.p2f56 { font-family:sans-serif; font-weight:normal; font-style:normal; }
.p2f57 { font-family:sans-serif; font-weight:normal; font-style:normal; }
.p2f58 { font-family:sans-serif; font-weight:normal; font-style:normal; }
.p2f59 { font-family:sans-serif; font-weight:normal; font-style:normal; }
.p2f60 { font-family:sans-serif; font-weight:normal; font-style:normal; }
.p2f61 { font-family:sans-serif; font-weight:normal; font-style:normal; }
.p2f62 { font-family:sans-serif; font-weight:normal; font-style:normal; }
.p2f63 { font-family:sans-serif; font-weight:normal; font-style:normal; }
.p2f64 { font-family:sans-serif; font-weight:normal; font-style:normal; }
.p2f65 { font-family:sans-serif; font-weight:normal; font-style:normal; }
.p2f66 { font-family:sans-serif; font-weight:normal; font-style:normal; }
.p2f67 { font-family:sans-serif; font-weight:normal; font-style:normal; }
.p2f68 { font-family:sans-serif; font-weight:normal; font-style:normal; }
.p2f69 { font-family:sans-serif; font-weight:normal; font-style:normal; }
.p2f70 { font-family:sans-serif; font-weight:normal; font-style:normal; }
.p2f71 { font-family:sans-serif; font-weight:normal; font-style:normal; }
.p2f72 { font-family:sans-serif; font-weight:normal; font-style:normal; }
.p2f73 { font-family:sans-serif; font-weight:normal; font-style:normal; }
.p2f74 { font-family:sans-serif; font-weight:normal; font-style:normal; }
.p2f75 { font-family:sans-serif; font-weight:normal; font-style:normal; }
.p2f76 { font-family:sans-serif; font-weight:normal; font-style:normal; }
.p2f77 { font-family:sans-serif; font-weight:normal; font-style:normal; }
.p2f78 { font-family:sans-serif; font-weight:normal; font-style:normal; }
.p2f79 { font-family:sans-serif; font-weight:normal; font-style:normal; }
.p2f80 { font-family:sans-serif; font-weight:normal; font-style:normal; }
.p2f81 { font-family:sans-serif; font-weight:normal; font-style:normal; }
.p2f82 { font-family:sans-serif; font-weight:normal; font-style:normal; }
.p2f83 { font-family:sans-serif; font-weight:normal; font-style:normal; }
.p2f84 { font-family:sans-serif; font-weight:normal; font-style:normal; }
.p2f85 { font-family:sans-serif; font-weight:normal; font-style:normal; }
.p2f86 { font-family:sans-serif; font-weight:normal; font-style:normal; }
.p2f87 { font-family:sans-serif; font-weight:normal; font-style:normal; }
.p2f88 { font-family:sans-serif; font-weight:normal; font-style:normal; }
.p2f89 { font-family:sans-serif; font-weight:normal; font-style:normal; }
.p2f90 { font-family:sans-serif; font-weight:normal; font-style:normal; }
.p2f91 { font-family:sans-serif; font-weight:normal; font-style:normal; }
.p2f92 { font-family:sans-serif; font-weight:normal; font-style:normal; }
.p2f93 { font-family:sans-serif; font-weight:normal; font-style:normal; }
.p2f94 { font-family:sans-serif; font-weight:normal; font-style:normal; }
.p2f95 { font-family:sans-serif; font-weight:normal; font-style:normal; }
.p2f96 { font-family:sans-serif; font-weight:normal; font-style:normal; }
.p2f97 { font-family:sans-serif; font-weight:normal; font-style:normal; }
&lt;/style&gt;
&lt;img class=&quot;background&quot; height=&quot;792&quot; id=&quot;background2&quot; src=&quot;_httpdocimg_/page2.png&quot; style=&quot;position:absolute; left:0px; top:0px;&quot; width=&quot;612&quot;&gt;
&lt;div class=&quot;txt&quot; style=&quot;position:absolute; left:72px; top:75px;&quot;&gt;&lt;span class=&quot;p2f1&quot; style=&quot;font-size:14px;vertical-align:baseline;color:rgba(0,0,0,1);&quot;&gt;Пазар, Пекмез Пазар, Тус Пазар, и др. Во XIX век во чаршијата без застапени&lt;/span&gt;&lt;/div&gt;
&lt;div class=&quot;txt&quot; style=&quot;position:absolute; left:72px; top:93px;&quot;&gt;&lt;span class=&quot;p2f1&quot; style=&quot;font-size:14px;vertical-align:baseline;color:rgba(0,0,0,1);&quot;&gt;повеќе од 140 занаети во преку 900 дуќани&lt;/span&gt;&lt;span class=&quot;p2f4&quot; style=&quot;font-size:14px;vertical-align:baseline;color:rgba(0,0,0,1);&quot;&gt;.&lt;/span&gt;&lt;/div&gt;
&lt;div class=&quot;txt&quot; style=&quot;position:absolute; left:72px; top:118px;&quot;&gt;&lt;span class=&quot;p2f1&quot; style=&quot;font-size:14px;vertical-align:baseline;color:rgba(0,0,0,1);&quot;&gt;Денес чаршијата е погодена од лошата економска клима и затворени се&lt;/span&gt;&lt;/div&gt;
&lt;div class=&quot;txt&quot; style=&quot;position:absolute; left:72px; top:136px;&quot;&gt;&lt;span class=&quot;p2f1&quot; style=&quot;font-size:14px;vertical-align:baseline;color:rgba(0,0,0,1);&quot;&gt;бројни дуќани. Општината и Музејот Битола во &lt;/span&gt;&lt;span class=&quot;p2f4&quot; style=&quot;font-size:14px;vertical-align:baseline;color:rgba(0,0,0,1);&quot;&gt;2009 &lt;/span&gt;&lt;span class=&quot;p2f1&quot; style=&quot;font-size:14px;vertical-align:baseline;color:rgba(0,0,0,1);&quot;&gt;година почнаа акција за&lt;/span&gt;&lt;/div&gt;
&lt;div class=&quot;txt&quot; style=&quot;position:absolute; left:72px; top:155px;&quot;&gt;&lt;span class=&quot;p2f1&quot; style=&quot;font-size:14px;vertical-align:baseline;color:rgba(0,0,0,1);&quot;&gt;реновирање на чаршијата која треба да трае десетина години&lt;/span&gt;&lt;span class=&quot;p2f4&quot; style=&quot;font-size:14px;vertical-align:baseline;color:rgba(0,0,0,1);&quot;&gt;.&lt;/span&gt;&lt;span class=&quot;p2f1&quot; style=&quot;font-size:14px;vertical-align:baseline;color:rgba(0,0,0,1);&quot;&gt;. Две мермерни&lt;/span&gt;&lt;/div&gt;
&lt;div class=&quot;txt&quot; style=&quot;position:absolute; left:72px; top:173px;&quot;&gt;&lt;span class=&quot;p2f1&quot; style=&quot;font-size:14px;vertical-align:baseline;color:rgba(0,0,0,1);&quot;&gt;фонтани веќе се реставрирани од музејот&lt;/span&gt;&lt;span class=&quot;p2f4&quot; style=&quot;font-size:14px;vertical-align:baseline;color:rgba(0,0,0,1);&quot;&gt;.&lt;/span&gt;&lt;/div&gt;
&lt;div class=&quot;txt&quot; style=&quot;position:absolute; left:72px; top:198px;&quot;&gt;&lt;span class=&quot;p2f1&quot; style=&quot;font-size:14px;vertical-align:baseline;color:rgba(0,0,0,1);&quot;&gt;Чаршијата опфаќа повеќе бележити џамии, како Јени&lt;/span&gt;&lt;span class=&quot;p2f4&quot; style=&quot;font-size:14px;vertical-align:baseline;color:rgba(0,0,0,1);&quot;&gt;-&lt;/span&gt;&lt;span class=&quot;p2f1&quot; style=&quot;font-size:14px;vertical-align:baseline;color:rgba(0,0,0,1);&quot;&gt;џамијата (јени на&lt;/span&gt;&lt;/div&gt;
&lt;div class=&quot;txt&quot; style=&quot;position:absolute; left:72px; top:216px;&quot;&gt;&lt;span class=&quot;p2f1&quot; style=&quot;font-size:14px;vertical-align:baseline;color:rgba(0,0,0,1);&quot;&gt;турски значи нова), која е сместена на влезот во чаршијата, на левиот брег на&lt;/span&gt;&lt;/div&gt;
&lt;div class=&quot;txt&quot; style=&quot;position:absolute; left:72px; top:235px;&quot;&gt;&lt;span class=&quot;p2f1&quot; style=&quot;font-size:14px;vertical-align:baseline;color:rgba(0,0,0,1);&quot;&gt;реката Драгор. Нејзиното минаре е високо четириесет метри и таа била&lt;/span&gt;&lt;/div&gt;
&lt;div class=&quot;txt&quot; style=&quot;position:absolute; left:72px; top:254px;&quot;&gt;&lt;span class=&quot;p2f1&quot; style=&quot;font-size:14px;vertical-align:baseline;color:rgba(0,0,0,1);&quot;&gt;конструирана кон &lt;/span&gt;&lt;span class=&quot;p2f4&quot; style=&quot;font-size:14px;vertical-align:baseline;color:rgba(0,0,0,1);&quot;&gt;1558 &lt;/span&gt;&lt;span class=&quot;p2f1&quot; style=&quot;font-size:14px;vertical-align:baseline;color:rgba(0,0,0,1);&quot;&gt;година на урнатини од црква. Денес служи како&lt;/span&gt;&lt;/div&gt;
&lt;div class=&quot;txt&quot; style=&quot;position:absolute; left:72px; top:272px;&quot;&gt;&lt;span class=&quot;p2f1&quot; style=&quot;font-size:14px;vertical-align:baseline;color:rgba(0,0,0,1);&quot;&gt;изложбен простор&lt;/span&gt;&lt;span class=&quot;p2f4&quot; style=&quot;font-size:14px;vertical-align:baseline;color:rgba(0,0,0,1);&quot;&gt;.&lt;/span&gt;&lt;/div&gt;
&lt;div class=&quot;txt&quot; style=&quot;position:absolute; left:72px; top:297px;&quot;&gt;&lt;span class=&quot;p2f1&quot; style=&quot;font-size:14px;vertical-align:baseline;color:rgba(0,0,0,1);&quot;&gt;Исак Челеби џамијатакоја е малку посеверно, на левиот брег на реката&lt;/span&gt;&lt;/div&gt;
&lt;div class=&quot;txt&quot; style=&quot;position:absolute; left:72px; top:315px;&quot;&gt;&lt;span class=&quot;p2f1&quot; style=&quot;font-size:14px;vertical-align:baseline;color:rgba(0,0,0,1);&quot;&gt;Драгор, датира од &lt;/span&gt;&lt;span class=&quot;p2f4&quot; style=&quot;font-size:14px;vertical-align:baseline;color:rgba(0,0,0,1);&quot;&gt;1506 &lt;/span&gt;&lt;span class=&quot;p2f1&quot; style=&quot;font-size:14px;vertical-align:baseline;color:rgba(0,0,0,1);&quot;&gt;година. Нејзиното минаре е високо 50 метри, а во&lt;/span&gt;&lt;/div&gt;
&lt;div class=&quot;txt&quot; style=&quot;position:absolute; left:72px; top:334px;&quot;&gt;&lt;span class=&quot;p2f1&quot; style=&quot;font-size:14px;vertical-align:baseline;color:rgba(0,0,0,1);&quot;&gt;нејзината градина се наоѓаат стари гробови во форма на саркофази. Оваа&lt;/span&gt;&lt;/div&gt;
&lt;div class=&quot;txt&quot; style=&quot;position:absolute; left:72px; top:352px;&quot;&gt;&lt;span class=&quot;p2f1&quot; style=&quot;font-size:14px;vertical-align:baseline;color:rgba(0,0,0,1);&quot;&gt;џамија и денес служи за религиозни цели&lt;/span&gt;&lt;span class=&quot;p2f4&quot; style=&quot;font-size:14px;vertical-align:baseline;color:rgba(0,0,0,1);&quot;&gt;.&lt;/span&gt;&lt;/div&gt;
&lt;div class=&quot;txt&quot; style=&quot;position:absolute; left:72px; top:377px;&quot;&gt;&lt;span class=&quot;p2f1&quot; style=&quot;font-size:14px;vertical-align:baseline;color:rgba(0,0,0,1);&quot;&gt;Ајдар&lt;/span&gt;&lt;span class=&quot;p2f4&quot; style=&quot;font-size:14px;vertical-align:baseline;color:rgba(0,0,0,1);&quot;&gt;-&lt;/span&gt;&lt;span class=&quot;p2f1&quot; style=&quot;font-size:14px;vertical-align:baseline;color:rgba(0,0,0,1);&quot;&gt;кади џамијата која е сместена понаисток, била изградена&lt;/span&gt;&lt;/div&gt;
&lt;div class=&quot;txt&quot; style=&quot;position:absolute; left:72px; top:395px;&quot;&gt;&lt;span class=&quot;p2f1&quot; style=&quot;font-size:14px;vertical-align:baseline;color:rgba(0,0,0,1);&quot;&gt;од &lt;/span&gt;&lt;span class=&quot;p2f4&quot; style=&quot;font-size:14px;vertical-align:baseline;color:rgba(0,0,0,1);&quot;&gt;1561 &lt;/span&gt;&lt;span class=&quot;p2f1&quot; style=&quot;font-size:14px;vertical-align:baseline;color:rgba(0,0,0,1);&quot;&gt;до &lt;/span&gt;&lt;span class=&quot;p2f4&quot; style=&quot;font-size:14px;vertical-align:baseline;color:rgba(0,0,0,1);&quot;&gt;1563 &lt;/span&gt;&lt;span class=&quot;p2f1&quot; style=&quot;font-size:14px;vertical-align:baseline;color:rgba(0,0,0,1);&quot;&gt;година. Џамијата е градена од градители од школата на&lt;/span&gt;&lt;/div&gt;
&lt;div class=&quot;txt&quot; style=&quot;position:absolute; left:72px; top:414px;&quot;&gt;&lt;span class=&quot;p2f1&quot; style=&quot;font-size:14px;vertical-align:baseline;color:rgba(0,0,0,1);&quot;&gt;најголемиот османлиски градител Мимар Синан и е позната како џамија&lt;/span&gt;&lt;/div&gt;
&lt;div class=&quot;txt&quot; style=&quot;position:absolute; left:72px; top:432px;&quot;&gt;&lt;span class=&quot;p2f1&quot; style=&quot;font-size:14px;vertical-align:baseline;color:rgba(0,0,0,1);&quot;&gt;„Принцеза на Балканот“&lt;/span&gt;&lt;span class=&quot;p2f4&quot; style=&quot;font-size:14px;vertical-align:baseline;color:rgba(0,0,0,1);&quot;&gt;. &lt;/span&gt;&lt;span class=&quot;p2f1&quot; style=&quot;font-size:14px;vertical-align:baseline;color:rgba(0,0,0,1);&quot;&gt;Во тек е реставрација, конзервација и&lt;/span&gt;&lt;/div&gt;
&lt;div class=&quot;txt&quot; style=&quot;position:absolute; left:72px; top:451px;&quot;&gt;&lt;span class=&quot;p2f1&quot; style=&quot;font-size:14px;vertical-align:baseline;color:rgba(0,0,0,1);&quot;&gt;реконструкција на Исак Челеби и Ајдар&lt;/span&gt;&lt;span class=&quot;p2f4&quot; style=&quot;font-size:14px;vertical-align:baseline;color:rgba(0,0,0,1);&quot;&gt;-&lt;/span&gt;&lt;span class=&quot;p2f1&quot; style=&quot;font-size:14px;vertical-align:baseline;color:rgba(0,0,0,1);&quot;&gt;кади џамиите со поддршка&lt;/span&gt;&lt;/div&gt;
&lt;div class=&quot;txt&quot; style=&quot;position:absolute; left:72px; top:469px;&quot;&gt;&lt;span class=&quot;p2f1&quot; style=&quot;font-size:14px;vertical-align:baseline;color:rgba(0,0,0,1);&quot;&gt;на Турција&lt;/span&gt;&lt;span class=&quot;p2f4&quot; style=&quot;font-size:14px;vertical-align:baseline;color:rgba(0,0,0,1);&quot;&gt;.&lt;/span&gt;&lt;/div&gt;
&lt;div class=&quot;txt&quot; style=&quot;position:absolute; left:72px; top:494px;&quot;&gt;&lt;span class=&quot;p2f1&quot; style=&quot;font-size:14px;vertical-align:baseline;color:rgba(0,0,0,1);&quot;&gt;Во самата чаршија се наоѓа малата Хаџи Махмуд Бајат џамија чие минаре е&lt;/span&gt;&lt;/div&gt;
&lt;div class=&quot;txt&quot; style=&quot;position:absolute; left:72px; top:512px;&quot;&gt;&lt;span class=&quot;p2f1&quot; style=&quot;font-size:14px;vertical-align:baseline;color:rgba(0,0,0,1);&quot;&gt;делумно урнато.&lt;/span&gt;&lt;/div&gt;
&lt;/div&gt;
&lt;/div&gt;

</Content>
</Section>
</Section>
</Archive>
