<?xml version="1.0" encoding="utf-8" standalone="no"?>
<!DOCTYPE Archive SYSTEM "http://greenstone.org/dtd/Archive/1.0/Archive.dtd">
<Archive>
<Section>
  <Description>
    <Metadata name="gsdlsourcefilename">import\999.Kamen most- minatoto.jpg</Metadata>
    <Metadata name="gsdlsourcefilerenamemethod">url</Metadata>
    <Metadata name="gsdldoctype">indexed_doc</Metadata>
    <Metadata name="Plugin">ImagePlugin</Metadata>
    <Metadata name="Image">999.Kamen most- minatoto.jpg</Metadata>
    <Metadata name="OrigSource">999.Kamen most- minatoto.jpg</Metadata>
    <Metadata name="Source">999.Kamen most- minatoto.jpg</Metadata>
    <Metadata name="SourceFile">999.Kamen most- minatoto.jpg</Metadata>
    <Metadata name="FileFormat">unknown</Metadata>
    <Metadata name="FileSize">72596</Metadata>
    <Metadata name="ImageType">unknown</Metadata>
    <Metadata name="ImageWidth">unknown</Metadata>
    <Metadata name="ImageHeight">unknown</Metadata>
    <Metadata name="ImageSize">unknown</Metadata>
    <Metadata name="srclink_file">999.Kamen most- minatoto.jpg</Metadata>
    <Metadata name="srclinkFile">999.Kamen most- minatoto.jpg</Metadata>
    <Metadata name="srcicon">&lt;img src=&quot;_httpprefix_/collect/[collection]/index/assoc/[assocfilepath]/[srclinkFile]&quot; width=&quot;[ImageWidth]&quot; height=&quot;[ImageHeight]&quot;&gt;</Metadata>
    <Metadata name="NoText">1</Metadata>
    <Metadata name="Title">999.Kamen most- minatoto</Metadata>
    <Metadata name="Identifier">HASHd03a38cadd142c0639efe4</Metadata>
    <Metadata name="lastmodified">1687173440</Metadata>
    <Metadata name="lastmodifieddate">20230619</Metadata>
    <Metadata name="oailastmodified">1687177858</Metadata>
    <Metadata name="oailastmodifieddate">20230619</Metadata>
    <Metadata name="assocfilepath">HASHd03a.dir</Metadata>
    <Metadata name="gsdlassocfile">999.Kamen most- minatoto.jpg:image/unknown:</Metadata>
  </Description>
  <Content>This document has no text.</Content>
</Section>
</Archive>
