<?xml version="1.0" encoding="utf-8" standalone="no"?>
<!DOCTYPE Archive SYSTEM "http://greenstone.org/dtd/Archive/1.0/Archive.dtd">
<Archive>
<Section>
  <Description>
    <Metadata name="gsdlsourcefilename">import\9.Stara Charshija vo segashnosta.jpg</Metadata>
    <Metadata name="gsdlsourcefilerenamemethod">url</Metadata>
    <Metadata name="gsdldoctype">indexed_doc</Metadata>
    <Metadata name="Plugin">ImagePlugin</Metadata>
    <Metadata name="Image">9.Stara Charshija vo segashnosta.jpg</Metadata>
    <Metadata name="OrigSource">9.Stara Charshija vo segashnosta.jpg</Metadata>
    <Metadata name="Source">9.Stara Charshija vo segashnosta.jpg</Metadata>
    <Metadata name="SourceFile">9.Stara Charshija vo segashnosta.jpg</Metadata>
    <Metadata name="FileFormat">unknown</Metadata>
    <Metadata name="FileSize">51070</Metadata>
    <Metadata name="ImageType">unknown</Metadata>
    <Metadata name="ImageWidth">unknown</Metadata>
    <Metadata name="ImageHeight">unknown</Metadata>
    <Metadata name="ImageSize">unknown</Metadata>
    <Metadata name="srclink_file">9.Stara Charshija vo segashnosta.jpg</Metadata>
    <Metadata name="srclinkFile">9.Stara Charshija vo segashnosta.jpg</Metadata>
    <Metadata name="srcicon">&lt;img src=&quot;_httpprefix_/collect/[collection]/index/assoc/[assocfilepath]/[srclinkFile]&quot; width=&quot;[ImageWidth]&quot; height=&quot;[ImageHeight]&quot;&gt;</Metadata>
    <Metadata name="NoText">1</Metadata>
    <Metadata name="Title">9.Stara Charshija vo segashnosta</Metadata>
    <Metadata name="Identifier">HASH01ac3eb268fa5ae903c2d2a9</Metadata>
    <Metadata name="lastmodified">1687173269</Metadata>
    <Metadata name="lastmodifieddate">20230619</Metadata>
    <Metadata name="oailastmodified">1687177856</Metadata>
    <Metadata name="oailastmodifieddate">20230619</Metadata>
    <Metadata name="assocfilepath">HASH01ac.dir</Metadata>
    <Metadata name="gsdlassocfile">9.Stara Charshija vo segashnosta.jpg:image/unknown:</Metadata>
  </Description>
  <Content>This document has no text.</Content>
</Section>
</Archive>
