<?xml version="1.0" encoding="utf-8" standalone="no"?>
<!DOCTYPE Archive SYSTEM "http://greenstone.org/dtd/Archive/1.0/Archive.dtd">
<Archive>
<Section>
  <Description>
    <Metadata name="gsdlsourcefilename">import\6.Rektorat na UKLO-2017.JPG</Metadata>
    <Metadata name="gsdlsourcefilerenamemethod">url</Metadata>
    <Metadata name="gsdldoctype">indexed_doc</Metadata>
    <Metadata name="Plugin">ImagePlugin</Metadata>
    <Metadata name="Image">6.Rektorat na UKLO-2017.JPG</Metadata>
    <Metadata name="OrigSource">6.Rektorat na UKLO-2017.JPG</Metadata>
    <Metadata name="Source">6.Rektorat na UKLO-2017.JPG</Metadata>
    <Metadata name="SourceFile">6.Rektorat na UKLO-2017.JPG</Metadata>
    <Metadata name="FileFormat">unknown</Metadata>
    <Metadata name="FileSize">54138</Metadata>
    <Metadata name="ImageType">unknown</Metadata>
    <Metadata name="ImageWidth">unknown</Metadata>
    <Metadata name="ImageHeight">unknown</Metadata>
    <Metadata name="ImageSize">unknown</Metadata>
    <Metadata name="srclink_file">6.Rektorat na UKLO-2017.JPG</Metadata>
    <Metadata name="srclinkFile">6.Rektorat na UKLO-2017.JPG</Metadata>
    <Metadata name="srcicon">&lt;img src=&quot;_httpprefix_/collect/[collection]/index/assoc/[assocfilepath]/[srclinkFile]&quot; width=&quot;[ImageWidth]&quot; height=&quot;[ImageHeight]&quot;&gt;</Metadata>
    <Metadata name="NoText">1</Metadata>
    <Metadata name="Title">6.Rektorat na UKLO-2017</Metadata>
    <Metadata name="Identifier">HASHfb7a2f5b026f1f61955429</Metadata>
    <Metadata name="lastmodified">1687173264</Metadata>
    <Metadata name="lastmodifieddate">20230619</Metadata>
    <Metadata name="oailastmodified">1687177852</Metadata>
    <Metadata name="oailastmodifieddate">20230619</Metadata>
    <Metadata name="assocfilepath">HASHfb7a.dir</Metadata>
    <Metadata name="gsdlassocfile">6.Rektorat na UKLO-2017.JPG:image/unknown:</Metadata>
  </Description>
  <Content>This document has no text.</Content>
</Section>
</Archive>
