<?xml version="1.0" encoding="utf-8" standalone="no"?>
<!DOCTYPE Archive SYSTEM "http://greenstone.org/dtd/Archive/1.0/Archive.dtd">
<Archive>
<Section>
  <Description>
    <Metadata name="gsdldoctype">indexed_doc</Metadata>
    <Metadata name="Language">en</Metadata>
    <Metadata name="Encoding">utf8</Metadata>
    <Metadata name="URL">http://C:/Users/Maja/Greenstone3/web/sites/localsite/collect/kulturno/tmp/1687177860/99999.Kamen most Bitola.html</Metadata>
    <Metadata name="UTF8URL">http://C:/Users/Maja/Greenstone3/web/sites/localsite/collect/kulturno/tmp/1687177860/99999.Kamen most Bitola.html</Metadata>
    <Metadata name="Title">99999.Kamen most Bitola</Metadata>
    <Metadata name="gsdlsourcefilename">import\99999.Kamen most Bitola.pdf</Metadata>
    <Metadata name="gsdlsourcefilerenamemethod">url</Metadata>
    <Metadata name="gsdlconvertedfilename">tmp\1687177860\99999.Kamen most Bitola.html</Metadata>
    <Metadata name="OrigSource">99999.Kamen most Bitola.html</Metadata>
    <Metadata name="Source">99999.Kamen most Bitola.pdf</Metadata>
    <Metadata name="SourceFile">99999.Kamen most Bitola.pdf</Metadata>
    <Metadata name="Plugin">PDFv2Plugin</Metadata>
    <Metadata name="FileSize">52871</Metadata>
    <Metadata name="FilenameRoot">99999.Kamen most Bitola</Metadata>
    <Metadata name="FileFormat">PDF</Metadata>
    <Metadata name="srcicon">_iconpdf_</Metadata>
    <Metadata name="srclink_file">doc.pdf</Metadata>
    <Metadata name="srclinkFile">doc.pdf</Metadata>
    <Metadata name="Identifier">HASHd7b4f2f6d80a11decc4c03</Metadata>
    <Metadata name="lastmodified">1687173443</Metadata>
    <Metadata name="lastmodifieddate">20230619</Metadata>
    <Metadata name="oailastmodified">1687177860</Metadata>
    <Metadata name="oailastmodifieddate">20230619</Metadata>
    <Metadata name="assocfilepath">HASHd7b4.dir</Metadata>
    <Metadata name="gsdlassocfile">page1.png:image/png:</Metadata>
    <Metadata name="gsdlassocfile">doc.pdf:application/pdf:</Metadata>
  </Description>
  <Content>



&lt;div id=&quot;page1&quot;&gt;
</Content>
<Section>
  <Description>
    <Metadata name="Title">Page 1</Metadata>
  </Description>
  <Content>
&lt;div style=&quot;position: relative; height: 792px; width: 612px;&quot;&gt;&lt;style type=&quot;text/css&quot;&gt;
.txt { white-space:nowrap; }
.p1f0 { font-family:sans-serif; font-weight:normal; font-style:normal; }
.p1f1 { font-family:sans-serif; font-weight:normal; font-style:normal; }
.p1f2 { font-family:sans-serif; font-weight:normal; font-style:normal; }
.p1f3 { font-family:sans-serif; font-weight:normal; font-style:normal; }
.p1f4 { font-family:sans-serif; font-weight:normal; font-style:normal; }
.p1f5 { font-family:sans-serif; font-weight:normal; font-style:normal; }
.p1f6 { font-family:sans-serif; font-weight:normal; font-style:normal; }
.p1f7 { font-family:sans-serif; font-weight:normal; font-style:normal; }
.p1f8 { font-family:sans-serif; font-weight:normal; font-style:normal; }
.p1f9 { font-family:sans-serif; font-weight:normal; font-style:normal; }
.p1f10 { font-family:sans-serif; font-weight:normal; font-style:normal; }
.p1f11 { font-family:sans-serif; font-weight:normal; font-style:normal; }
.p1f12 { font-family:sans-serif; font-weight:normal; font-style:normal; }
.p1f13 { font-family:sans-serif; font-weight:normal; font-style:normal; }
.p1f14 { font-family:sans-serif; font-weight:normal; font-style:normal; }
.p1f15 { font-family:sans-serif; font-weight:normal; font-style:normal; }
.p1f16 { font-family:sans-serif; font-weight:normal; font-style:normal; }
.p1f17 { font-family:sans-serif; font-weight:normal; font-style:normal; }
.p1f18 { font-family:sans-serif; font-weight:normal; font-style:normal; }
.p1f19 { font-family:sans-serif; font-weight:normal; font-style:normal; }
.p1f20 { font-family:sans-serif; font-weight:normal; font-style:normal; }
.p1f21 { font-family:sans-serif; font-weight:normal; font-style:normal; }
.p1f22 { font-family:sans-serif; font-weight:normal; font-style:normal; }
.p1f23 { font-family:sans-serif; font-weight:normal; font-style:normal; }
.p1f24 { font-family:sans-serif; font-weight:normal; font-style:normal; }
.p1f25 { font-family:sans-serif; font-weight:normal; font-style:normal; }
.p1f26 { font-family:sans-serif; font-weight:normal; font-style:normal; }
.p1f27 { font-family:sans-serif; font-weight:normal; font-style:normal; }
.p1f28 { font-family:sans-serif; font-weight:normal; font-style:normal; }
.p1f29 { font-family:sans-serif; font-weight:normal; font-style:normal; }
.p1f30 { font-family:sans-serif; font-weight:normal; font-style:normal; }
.p1f31 { font-family:sans-serif; font-weight:normal; font-style:normal; }
.p1f32 { font-family:sans-serif; font-weight:normal; font-style:normal; }
.p1f33 { font-family:sans-serif; font-weight:normal; font-style:normal; }
.p1f34 { font-family:sans-serif; font-weight:normal; font-style:normal; }
.p1f35 { font-family:sans-serif; font-weight:normal; font-style:normal; }
.p1f36 { font-family:sans-serif; font-weight:normal; font-style:normal; }
.p1f37 { font-family:sans-serif; font-weight:normal; font-style:normal; }
.p1f38 { font-family:sans-serif; font-weight:normal; font-style:normal; }
.p1f39 { font-family:sans-serif; font-weight:normal; font-style:normal; }
.p1f40 { font-family:sans-serif; font-weight:normal; font-style:normal; }
.p1f41 { font-family:sans-serif; font-weight:normal; font-style:normal; }
.p1f42 { font-family:sans-serif; font-weight:normal; font-style:normal; }
.p1f43 { font-family:sans-serif; font-weight:normal; font-style:normal; }
.p1f44 { font-family:sans-serif; font-weight:normal; font-style:normal; }
.p1f45 { font-family:sans-serif; font-weight:normal; font-style:normal; }
.p1f46 { font-family:sans-serif; font-weight:normal; font-style:normal; }
.p1f47 { font-family:sans-serif; font-weight:normal; font-style:normal; }
.p1f48 { font-family:sans-serif; font-weight:normal; font-style:normal; }
&lt;/style&gt;
&lt;img class=&quot;background&quot; height=&quot;792&quot; id=&quot;background1&quot; src=&quot;_httpdocimg_/page1.png&quot; style=&quot;position:absolute; left:0px; top:0px;&quot; width=&quot;612&quot;&gt;
&lt;div class=&quot;txt&quot; style=&quot;position:absolute; left:241px; top:75px;&quot;&gt;&lt;span class=&quot;p1f1&quot; style=&quot;font-size:14px;vertical-align:baseline;color:rgba(0,0,0,1);&quot;&gt;КАМЕН МОСТ – БИТОЛА&lt;/span&gt;&lt;/div&gt;
&lt;div class=&quot;txt&quot; style=&quot;position:absolute; left:72px; top:120px;&quot;&gt;&lt;span class=&quot;p1f1&quot; style=&quot;font-size:15px;vertical-align:baseline;color:rgba(33,33,33,1);&quot;&gt;Камениот мост во Битола до пред четириесетина години беше&lt;/span&gt;&lt;/div&gt;
&lt;div class=&quot;txt&quot; style=&quot;position:absolute; left:72px; top:142px;&quot;&gt;&lt;span class=&quot;p1f1&quot; style=&quot;font-size:15px;vertical-align:baseline;color:rgba(33,33,33,1);&quot;&gt;голема знаменитост и убавина за битолчани со својот стар стил на&lt;/span&gt;&lt;/div&gt;
&lt;div class=&quot;txt&quot; style=&quot;position:absolute; left:72px; top:163px;&quot;&gt;&lt;span class=&quot;p1f1&quot; style=&quot;font-size:15px;vertical-align:baseline;color:rgba(33,33,33,1);&quot;&gt;градба и единствен таков како последен останат камен мост во&lt;/span&gt;&lt;/div&gt;
&lt;div class=&quot;txt&quot; style=&quot;position:absolute; left:72px; top:184px;&quot;&gt;&lt;span class=&quot;p1f1&quot; style=&quot;font-size:15px;vertical-align:baseline;color:rgba(33,33,33,1);&quot;&gt;градот.&lt;/span&gt;&lt;/div&gt;
&lt;div class=&quot;txt&quot; style=&quot;position:absolute; left:72px; top:224px;&quot;&gt;&lt;span class=&quot;p1f1&quot; style=&quot;font-size:15px;vertical-align:baseline;color:rgba(33,33,33,1);&quot;&gt;Со покривањето на реката Курделец(курт дере тур.волчји поток или&lt;/span&gt;&lt;/div&gt;
&lt;div class=&quot;txt&quot; style=&quot;position:absolute; left:72px; top:246px;&quot;&gt;&lt;span class=&quot;p1f1&quot; style=&quot;font-size:15px;vertical-align:baseline;color:rgba(33,33,33,1);&quot;&gt;курделе тур.лента,поток како лента,к’урде дереш&lt;/span&gt;&lt;span class=&quot;p1f7&quot; style=&quot;font-size:15px;vertical-align:baseline;color:rgba(33,33,33,1);&quot;&gt;-&lt;/span&gt;&lt;span class=&quot;p1f1&quot; style=&quot;font-size:15px;vertical-align:baseline;color:rgba(33,33,33,1);&quot;&gt;кај оди дери&lt;/span&gt;&lt;span class=&quot;p1f7&quot; style=&quot;font-size:15px;vertical-align:baseline;color:rgba(33,33,33,1);&quot;&gt;-&lt;/span&gt;&lt;span class=&quot;p1f1&quot; style=&quot;font-size:15px;vertical-align:baseline;color:rgba(33,33,33,1);&quot;&gt;се&lt;/span&gt;&lt;/div&gt;
&lt;div class=&quot;txt&quot; style=&quot;position:absolute; left:72px; top:267px;&quot;&gt;&lt;span class=&quot;p1f1&quot; style=&quot;font-size:15px;vertical-align:baseline;color:rgba(33,33,33,1);&quot;&gt;мисли на големата опасност која ја правела реката надојдена од&lt;/span&gt;&lt;/div&gt;
&lt;div class=&quot;txt&quot; style=&quot;position:absolute; left:72px; top:288px;&quot;&gt;&lt;span class=&quot;p1f1&quot; style=&quot;font-size:15px;vertical-align:baseline;color:rgba(33,33,33,1);&quot;&gt;Пелистерот) над која се наоѓал мостот во пресек со Широк Сокак&lt;/span&gt;&lt;/div&gt;
&lt;div class=&quot;txt&quot; style=&quot;position:absolute; left:72px; top:309px;&quot;&gt;&lt;span class=&quot;p1f1&quot; style=&quot;font-size:15px;vertical-align:baseline;color:rgba(33,33,33,1);&quot;&gt;завршува и неговата намена по што се асфалтира улицата Солунска&lt;/span&gt;&lt;span class=&quot;p1f7&quot; style=&quot;font-size:15px;vertical-align:baseline;color:rgba(33,33,33,1);&quot;&gt;.&lt;/span&gt;&lt;/div&gt;
&lt;div class=&quot;txt&quot; style=&quot;position:absolute; left:72px; top:330px;&quot;&gt;&lt;span class=&quot;p1f1&quot; style=&quot;font-size:15px;vertical-align:baseline;color:rgba(33,33,33,1);&quot;&gt;“Камен мост” уште остана како синоним и топоним помеѓу&lt;/span&gt;&lt;/div&gt;
&lt;div class=&quot;txt&quot; style=&quot;position:absolute; left:72px; top:351px;&quot;&gt;&lt;span class=&quot;p1f1&quot; style=&quot;font-size:15px;vertical-align:baseline;color:rgba(33,33,33,1);&quot;&gt;битолчани,место каде како деца пуштале бродчина во реката,се&lt;/span&gt;&lt;/div&gt;
&lt;div class=&quot;txt&quot; style=&quot;position:absolute; left:72px; top:373px;&quot;&gt;&lt;span class=&quot;p1f1&quot; style=&quot;font-size:15px;vertical-align:baseline;color:rgba(33,33,33,1);&quot;&gt;бркале и жбуркале во водата,потпрени на него го направиле првиот&lt;/span&gt;&lt;/div&gt;
&lt;div class=&quot;txt&quot; style=&quot;position:absolute; left:72px; top:394px;&quot;&gt;&lt;span class=&quot;p1f1&quot; style=&quot;font-size:15px;vertical-align:baseline;color:rgba(33,33,33,1);&quot;&gt;шмек или бакнеж кон својата љубена…&lt;/span&gt;&lt;/div&gt;
&lt;div class=&quot;txt&quot; style=&quot;position:absolute; left:72px; top:415px;&quot;&gt;&lt;span class=&quot;p1f1&quot; style=&quot;font-size:15px;vertical-align:baseline;color:rgba(33,33,33,1);&quot;&gt;Убаво би било пак тој да биде изграден и оформен под кој сега би&lt;/span&gt;&lt;/div&gt;
&lt;div class=&quot;txt&quot; style=&quot;position:absolute; left:72px; top:436px;&quot;&gt;&lt;span class=&quot;p1f1&quot; style=&quot;font-size:15px;vertical-align:baseline;color:rgba(33,33,33,1);&quot;&gt;поминувало некое патничко возило или не,можеби некој&lt;/span&gt;&lt;/div&gt;
&lt;div class=&quot;txt&quot; style=&quot;position:absolute; left:72px; top:457px;&quot;&gt;&lt;span class=&quot;p1f1&quot; style=&quot;font-size:15px;vertical-align:baseline;color:rgba(33,33,33,1);&quot;&gt;пајтон…повторно…ех&lt;/span&gt;&lt;/div&gt;
&lt;div class=&quot;txt&quot; style=&quot;position:absolute; left:72px; top:478px;&quot;&gt;&lt;span class=&quot;p1f1&quot; style=&quot;font-size:15px;vertical-align:baseline;color:rgba(33,33,33,1);&quot;&gt;Камениот мост на Битола…&lt;/span&gt;&lt;/div&gt;
&lt;div class=&quot;txt&quot; style=&quot;position:absolute; left:72px; top:500px;&quot;&gt;&lt;span class=&quot;p1f1&quot; style=&quot;font-size:15px;vertical-align:baseline;color:rgba(33,33,33,1);&quot;&gt;Бабам Битола&lt;/span&gt;&lt;/div&gt;
&lt;/div&gt;
&lt;/div&gt;

</Content>
</Section>
</Section>
</Archive>
